# vtk DataFile Version 3.0
SHAPE_sfm_800k_v20200323
ASCII
DATASET POLYDATA
POINTS 718 float
0.297828 0.394397 -0.026745
0.297463 0.394479 -0.025508
0.299574 0.391816 -0.025212
0.299882 0.391733 -0.027968
0.297484 0.393571 -0.022974
0.297385 0.390573 -0.012079
0.299456 0.389879 -0.015181
0.297214 0.39177 -0.014695
0.29678 0.392718 -0.017871
0.296063 0.39542 -0.024178
0.297076 0.388747 -0.003299
0.299316 0.387674 -0.005948
0.297079 0.389791 -0.006432
0.297947 0.389338 -0.007599
0.297526 0.390001 -0.010396
0.298894 0.391843 -0.02153
0.294949 0.394304 -0.015344
0.29518 0.394919 -0.019323
0.295825 0.390961 -0.007924
0.294561 0.394423 -0.014212
0.294904 0.392573 -0.010664
0.294053 0.39686 -0.021336
0.294046 0.395953 -0.016759
0.294011 0.396742 -0.019055
0.293865 0.392674 -0.00824
0.292798 0.395073 -0.012113
0.293132 0.396711 -0.015486
0.292759 0.398523 -0.017494
0.292857 0.398547 -0.018625
0.291208 0.399395 -0.015001
0.290424 0.400408 -0.015131
0.291288 0.395132 -0.008737
0.290006 0.399632 -0.013249
0.290979 0.395901 -0.00952
0.291157 0.39728 -0.012491
0.300926 0.388434 -0.0141
0.352279 0.351492 -0.037589
0.353092 0.351042 -0.039831
0.3515 0.353896 -0.039554
0.352384 0.352871 -0.041725
0.350532 0.354448 -0.037903
0.351747 0.353751 -0.041883
0.349774 0.355518 -0.038856
0.350023 0.355212 -0.043115
0.349028 0.356007 -0.04044
0.347757 0.35727 -0.042961
0.346958 0.357797 -0.040264
0.34728 0.357551 -0.044111
0.349023 0.355781 -0.045353
0.347567 0.357046 -0.04521
0.346778 0.358039 -0.037705
0.346067 0.357525 -0.046054
0.348049 0.355299 -0.048163
0.34437 0.359022 -0.044254
0.342949 0.36092 -0.037546
0.344382 0.359347 -0.041516
0.345761 0.356789 -0.048679
0.342841 0.359628 -0.046152
0.342473 0.360361 -0.043554
0.343736 0.357446 -0.050698
0.343619 0.360326 -0.038681
0.342584 0.35852 -0.04933
0.341864 0.361348 -0.041623
0.341793 0.361784 -0.040096
0.341221 0.360902 -0.044274
0.33822 0.360127 -0.049293
0.33867 0.360764 -0.047526
0.34262 0.357277 -0.052217
0.340419 0.358249 -0.051705
0.339198 0.364218 -0.039974
0.339798 0.36272 -0.041988
0.340377 0.363273 -0.03834
0.338027 0.364967 -0.039167
0.338258 0.364848 -0.039929
0.338481 0.364245 -0.041065
0.337138 0.36264 -0.045129
0.337082 0.359081 -0.051792
0.336541 0.364369 -0.042647
0.338255 0.357594 -0.053438
0.335298 0.365422 -0.041142
0.336149 0.361456 -0.048777
0.335707 0.360144 -0.051065
0.337531 0.356283 -0.056035
0.337464 0.364775 -0.037877
0.335356 0.365576 -0.039414
0.334566 0.359397 -0.053663
0.336165 0.356996 -0.055798
0.333763 0.360755 -0.052122
0.33425 0.365728 -0.038179
0.331802 0.366772 -0.039856
0.333373 0.36606 -0.042174
0.333622 0.365685 -0.043461
0.334166 0.365072 -0.044237
0.331298 0.359059 -0.056163
0.337647 0.354402 -0.059024
0.334106 0.355384 -0.060393
0.330916 0.363471 -0.050837
0.331994 0.361225 -0.052764
0.330542 0.36548 -0.0477
0.329767 0.367755 -0.0414
0.331373 0.355729 -0.06205
0.328166 0.359433 -0.058213
0.330011 0.366341 -0.046379
0.329998 0.364833 -0.049928
0.329716 0.360452 -0.055282
0.328288 0.368393 -0.039554
0.328048 0.366717 -0.049951
0.329287 0.36441 -0.051134
0.331124 0.366625 -0.037327
0.327319 0.368795 -0.0428
0.327801 0.366432 -0.050659
0.327099 0.364221 -0.052773
0.327253 0.357028 -0.062534
0.326447 0.368659 -0.044779
0.3277 0.36754 -0.046369
0.32749 0.367169 -0.049549
0.326349 0.362431 -0.055364
0.326736 0.369382 -0.040786
0.325294 0.370336 -0.03931
0.326409 0.366941 -0.050922
0.326693 0.358808 -0.0604
0.324804 0.370816 -0.04229
0.326298 0.367782 -0.048197
0.325986 0.367369 -0.050228
0.324742 0.365867 -0.052391
0.324661 0.36169 -0.057658
0.324878 0.370354 -0.04346
0.324979 0.368475 -0.04718
0.325369 0.364313 -0.053574
0.324101 0.370227 -0.044464
0.323119 0.367897 -0.05009
0.324049 0.36689 -0.051636
0.323702 0.360891 -0.060248
0.324629 0.358236 -0.062999
0.325156 0.35547 -0.066588
0.323358 0.371795 -0.041846
0.321666 0.372476 -0.042369
0.322747 0.363757 -0.055556
0.322937 0.359683 -0.06274
0.322359 0.372666 -0.039546
0.322232 0.36996 -0.046268
0.320789 0.365273 -0.054035
0.324057 0.357232 -0.065144
0.3215 0.367834 -0.050726
0.32172 0.365952 -0.052939
0.322874 0.362839 -0.057204
0.321401 0.362359 -0.060732
0.32147 0.361688 -0.062025
0.322548 0.358353 -0.064613
0.319312 0.375311 -0.037149
0.320541 0.373799 -0.040398
0.320026 0.373047 -0.042998
0.319066 0.371985 -0.045018
0.320772 0.369336 -0.048867
0.32083 0.363671 -0.05711
0.320424 0.35675 -0.068003
0.319728 0.368405 -0.050537
0.320735 0.362857 -0.05992
0.320853 0.361215 -0.062984
0.321085 0.359731 -0.063877
0.321074 0.35892 -0.064626
0.319131 0.374144 -0.042113
0.318879 0.370906 -0.047718
0.318664 0.370102 -0.049127
0.318693 0.366561 -0.052833
0.320027 0.363474 -0.058264
0.319982 0.362131 -0.062205
0.318203 0.37286 -0.044463
0.318713 0.364689 -0.056258
0.318628 0.363234 -0.059256
0.319806 0.361464 -0.063066
0.319064 0.360351 -0.063991
0.31635 0.376986 -0.040199
0.316604 0.371902 -0.047559
0.316633 0.359813 -0.065148
0.316299 0.373279 -0.045718
0.316583 0.365846 -0.054629
0.316387 0.364865 -0.056584
0.316866 0.361211 -0.063033
0.318538 0.357636 -0.067813
0.315627 0.376585 -0.042082
0.314178 0.374686 -0.046152
0.315576 0.371286 -0.049101
0.315212 0.370537 -0.050156
0.316687 0.366805 -0.053185
0.316289 0.362541 -0.060764
0.314653 0.377084 -0.042182
0.312568 0.379234 -0.039696
0.313552 0.376159 -0.044693
0.313933 0.373097 -0.047969
0.313255 0.369492 -0.052351
0.315507 0.366536 -0.054228
0.314971 0.363467 -0.05947
0.312564 0.367901 -0.054642
0.310572 0.376644 -0.046115
0.312508 0.375328 -0.046599
0.312764 0.364342 -0.059336
0.309687 0.37612 -0.047297
0.310268 0.373796 -0.049102
0.311009 0.372664 -0.049883
0.359103 0.343944 -0.028713
0.360176 0.343416 -0.026139
0.362122 0.342187 -0.026792
0.359371 0.343563 -0.025534
0.358699 0.344183 -0.027379
0.358545 0.343881 -0.025821
0.356144 0.34616 -0.0281
0.359522 0.343519 -0.031643
0.356217 0.345701 -0.026794
0.356503 0.345949 -0.03103
0.358029 0.345182 -0.033733
0.355992 0.347076 -0.034573
0.357495 0.343744 -0.024383
0.355798 0.345524 -0.025739
0.355212 0.346666 -0.026574
0.355711 0.346727 -0.030617
0.355304 0.344292 -0.023426
0.354324 0.349291 -0.027924
0.354327 0.34858 -0.026763
0.356972 0.342972 -0.021929
0.354654 0.348404 -0.029347
0.353352 0.349666 -0.033672
0.354383 0.341459 -0.018948
0.356183 0.34225 -0.020096
0.353934 0.349445 -0.027155
0.353435 0.349135 -0.026211
0.353659 0.350157 -0.029395
0.353051 0.350071 -0.03278
0.353951 0.347004 -0.025241
0.352922 0.346348 -0.023784
0.353534 0.343549 -0.021479
0.351511 0.351494 -0.02779
0.352659 0.351047 -0.028596
0.351772 0.351901 -0.031089
0.352554 0.344452 -0.021676
0.349791 0.353745 -0.029211
0.350915 0.352147 -0.033394
0.349405 0.353577 -0.034234
0.352485 0.343476 -0.020462
0.350108 0.348964 -0.023799
0.350063 0.353557 -0.030351
0.348892 0.354373 -0.030295
0.349638 0.353496 -0.028423
0.349283 0.349627 -0.023759
0.350811 0.344816 -0.020042
0.352094 0.341614 -0.017309
0.347885 0.354782 -0.032124
0.349473 0.35283 -0.027318
0.350457 0.343372 -0.017067
0.347672 0.353916 -0.027286
0.348024 0.352449 -0.025746
0.347233 0.355357 -0.030216
0.347883 0.346091 -0.016699
0.348002 0.348719 -0.020111
0.348377 0.349328 -0.022024
0.346824 0.35547 -0.029358
0.346112 0.356394 -0.03204
0.346344 0.356352 -0.033207
0.347732 0.351461 -0.02421
0.348349 0.355495 -0.035614
0.345064 0.35838 -0.034595
0.349348 0.342307 -0.013412
0.346691 0.353946 -0.026094
0.346067 0.349674 -0.018329
0.346892 0.347537 -0.017002
0.345383 0.355268 -0.026191
0.34425 0.356903 -0.028417
0.346615 0.352789 -0.024349
0.343538 0.358797 -0.03168
0.345698 0.35088 -0.020002
0.344952 0.348061 -0.014332
0.344501 0.346964 -0.01221
0.341989 0.361301 -0.034333
0.345255 0.351954 -0.02092
0.343167 0.353315 -0.018841
0.343917 0.351137 -0.016443
0.343329 0.352411 -0.017305
0.346394 0.343414 -0.010795
0.343702 0.354767 -0.02193
0.343305 0.356331 -0.02403
0.342742 0.357117 -0.025121
0.342747 0.357785 -0.028182
0.341231 0.360769 -0.032406
0.342342 0.355339 -0.020781
0.342059 0.3541 -0.018262
0.339842 0.362755 -0.034747
0.340051 0.355683 -0.018639
0.342344 0.352202 -0.014961
0.343383 0.345882 -0.009518
0.342296 0.348004 -0.009976
0.339597 0.358527 -0.025891
0.339228 0.359481 -0.028424
0.340132 0.35477 -0.016466
0.340227 0.356887 -0.021649
0.3392 0.352742 -0.011198
0.340977 0.350112 -0.010334
0.342054 0.344877 -0.006305
0.34099 0.345807 -0.005424
0.34009 0.349546 -0.007717
0.339455 0.354407 -0.014195
0.337306 0.361008 -0.030118
0.338368 0.355352 -0.014187
0.336517 0.357627 -0.018224
0.339114 0.357303 -0.021436
0.336002 0.359702 -0.025424
0.334957 0.363092 -0.032248
0.338591 0.36334 -0.035063
0.336408 0.360576 -0.028391
0.335062 0.364578 -0.0356
0.33938 0.350741 -0.008052
0.339171 0.349157 -0.005983
0.336655 0.358333 -0.021074
0.338039 0.351067 -0.006513
0.337528 0.352638 -0.007971
0.339339 0.346935 -0.004264
0.336028 0.35671 -0.013689
0.335528 0.359131 -0.023013
0.336538 0.349979 -0.003815
0.336559 0.355091 -0.010555
0.336533 0.355845 -0.012056
0.333017 0.361457 -0.026629
0.333362 0.362747 -0.029732
0.335278 0.358332 -0.019294
0.335321 0.354021 -0.006805
0.336998 0.347692 -0.002416
0.331807 0.365299 -0.034138
0.335041 0.356795 -0.010108
0.334862 0.357402 -0.011789
0.33423 0.357835 -0.01388
0.333945 0.358163 -0.015453
0.333582 0.358927 -0.019706
0.333375 0.359431 -0.021644
0.331495 0.360761 -0.023233
0.333955 0.356022 -0.007124
0.334203 0.357433 -0.009855
0.33387 0.358021 -0.010803
0.334043 0.352904 -0.00378
0.330918 0.364217 -0.03008
0.32968 0.365261 -0.032008
0.3308 0.359911 -0.011596
0.332961 0.356315 -0.005127
0.329786 0.363911 -0.027601
0.332933 0.357274 -0.007722
0.332175 0.357346 -0.005442
0.331172 0.35918 -0.008856
0.331479 0.359224 -0.015007
0.3314 0.360012 -0.020484
0.331064 0.359653 -0.017474
0.332232 0.356639 -0.004341
0.328271 0.365722 -0.031189
0.330477 0.360946 -0.022101
0.328491 0.362885 -0.023768
0.329111 0.366936 -0.035054
0.330221 0.358139 -0.003495
0.329692 0.360506 -0.009666
0.330004 0.36024 -0.013986
0.328842 0.361818 -0.021077
0.328132 0.366195 -0.03233
0.329435 0.359822 -0.005029
0.328599 0.36106 -0.00661
0.329512 0.360696 -0.016022
0.327301 0.363337 -0.02311
0.326355 0.368333 -0.03458
0.329644 0.357711 -0.001971
0.328112 0.361548 -0.011468
0.328197 0.362159 -0.019169
0.326625 0.365693 -0.027842
0.328724 0.359849 -0.003236
0.327974 0.361812 -0.013954
0.327455 0.362765 -0.016518
0.327527 0.36286 -0.017823
0.325881 0.363909 -0.020185
0.325841 0.367061 -0.03051
0.326315 0.364614 -0.025087
0.328081 0.35989 -0.001141
0.326054 0.362969 -0.006487
0.325455 0.363266 -0.009089
0.327372 0.360998 -0.002046
0.324382 0.364093 -0.012229
0.324794 0.364599 -0.018215
0.323961 0.367228 -0.02698
0.323462 0.369241 -0.031158
0.325768 0.364394 -0.023223
0.326299 0.361926 7e-05
0.324719 0.363673 -0.003112
0.32478 0.364246 -0.015396
0.323597 0.37047 -0.034169
0.322338 0.366799 -0.021519
0.322459 0.367132 -0.023308
0.325077 0.362884 -4e-06
0.324646 0.364354 -0.005182
0.322686 0.369031 -0.028474
0.32221 0.37051 -0.031203
0.321679 0.372349 -0.033292
0.321782 0.37279 -0.034806
0.323955 0.365332 -0.006203
0.324056 0.364402 -0.009586
0.323121 0.365485 -0.014985
0.323267 0.364606 -0.002163
0.323253 0.365903 -0.005418
0.322235 0.366684 -0.006872
0.322153 0.366619 -0.00837
0.32269 0.365722 -0.011492
0.321151 0.367503 -0.017802
0.320767 0.369265 -0.024309
0.31978 0.372771 -0.028785
0.32151 0.367644 -0.021855
0.321542 0.367154 -0.01467
0.319396 0.375582 -0.032272
0.32012 0.370538 -0.025545
0.31975 0.37527 -0.033791
0.321294 0.367063 -0.004987
0.321295 0.367552 -0.007816
0.321472 0.367411 -0.010778
0.320352 0.36859 -0.015042
0.320063 0.369732 -0.011885
0.318394 0.376169 -0.030723
0.318723 0.376433 -0.033367
0.320222 0.36825 -0.005353
0.320088 0.369354 -0.008647
0.3191 0.370485 -0.016298
0.320107 0.368763 -0.018043
0.319117 0.372113 -0.025752
0.317468 0.376805 -0.028868
0.317572 0.377468 -0.031717
0.319372 0.371155 -0.02438
0.318985 0.369715 -0.004873
0.318385 0.374192 -0.012228
0.318644 0.373623 -0.013823
0.318117 0.37445 -0.014377
0.318722 0.372621 -0.010507
0.319204 0.372187 -0.012738
0.319475 0.371178 -0.011624
0.318522 0.371756 -0.007542
0.318754 0.371563 -0.015531
0.319 0.370726 -0.01878
0.316997 0.374935 -0.02236
0.317755 0.373497 -0.008958
0.317594 0.375107 -0.012234
0.317598 0.375273 -0.013789
0.316585 0.375595 -0.017493
0.3179 0.373242 -0.016933
0.317482 0.373761 -0.019692
0.316267 0.378514 -0.027995
0.315792 0.379237 -0.030319
0.316431 0.376942 -0.024848
0.315963 0.375609 -0.006578
0.317175 0.369265 -0.000879
0.318096 0.370343 -0.003837
0.316008 0.376617 -0.013151
0.315704 0.376971 -0.015146
0.316416 0.375433 -0.009884
0.315564 0.377136 -0.018893
0.315265 0.379422 -0.027355
0.314806 0.379911 -0.033557
0.315434 0.379179 -0.034901
0.315561 0.377647 -0.022306
0.315923 0.375991 -0.00789
0.315727 0.374795 -0.004313
0.316022 0.372102 -0.002273
0.314607 0.37733 -0.010583
0.315215 0.377425 -0.017337
0.314574 0.379271 -0.024445
0.312814 0.381343 -0.030459
0.313197 0.380675 -0.034974
0.315085 0.376758 -0.007287
0.314552 0.37729 -0.00867
0.314983 0.37588 -0.004811
0.314063 0.379746 -0.020756
0.314137 0.379405 -0.019603
0.312369 0.381611 -0.027567
0.312176 0.38159 -0.033313
0.312299 0.379781 -0.014884
0.314615 0.375228 -0.003297
0.313241 0.380463 -0.019966
0.311874 0.381542 -0.023341
0.311965 0.379512 -0.012268
0.312268 0.380464 -0.017292
0.313021 0.376823 -0.003694
0.312986 0.377309 -0.004768
0.312718 0.378139 -0.007628
0.310411 0.381604 -0.015814
0.311773 0.381439 -0.019521
0.313491 0.373619 -0.000836
0.309889 0.383772 -0.027317
0.310177 0.38358 -0.031085
0.311223 0.378983 -0.007338
0.311039 0.379412 -0.009955
0.311607 0.377353 -0.002624
0.309874 0.383005 -0.022528
0.308168 0.384847 -0.032679
0.309565 0.382301 -0.016684
0.311615 0.375795 -0.00086
0.308048 0.385132 -0.030796
0.309806 0.37911 -0.002799
0.30961 0.379904 -0.005688
0.307796 0.381813 -0.012197
0.308699 0.380923 -0.010565
0.308807 0.384466 -0.026514
0.309916 0.377801 -0.000626
0.308787 0.380687 -0.008489
0.306829 0.38536 -0.024918
0.306897 0.384448 -0.019959
0.307238 0.380896 -0.001216
0.307223 0.381972 -0.00635
0.353619 0.349811 -0.03738
0.349437 0.35433 -0.035953
0.349709 0.355361 -0.037844
0.3473 0.357332 -0.036603
0.342739 0.361067 -0.03603
0.340879 0.362674 -0.036401
0.339716 0.363406 -0.036576
0.327317 0.368522 -0.037059
0.325057 0.369806 -0.036292
0.323751 0.371191 -0.037297
0.320485 0.374357 -0.035703
0.316779 0.377263 -0.037967
0.31562 0.377802 -0.03885
0.312525 0.380388 -0.037202
0.310325 0.381351 -0.038599
0.351459 0.351641 -0.035297
0.309476 0.383131 -0.03518
0.326276 0.355537 0.005867
0.326568 0.355971 0.004943
0.326029 0.356568 0.005605
0.325799 0.357635 0.004487
0.327091 0.354158 0.004626
0.324993 0.358758 0.004552
0.325703 0.35544 0.006539
0.325354 0.35648 0.006485
0.325409 0.352823 0.007056
0.324165 0.351376 0.008823
0.326991 0.351855 0.00577
0.3276 0.349479 0.006531
0.323648 0.359428 0.005177
0.323837 0.354177 0.008188
0.324188 0.35752 0.006558
0.32278 0.356147 0.008189
0.321613 0.35853 0.007328
0.321843 0.360476 0.005463
0.322609 0.354253 0.009301
0.320515 0.359829 0.007173
0.320143 0.361664 0.005593
0.321079 0.355501 0.010082
0.321407 0.352017 0.011608
0.31995 0.353929 0.012021
0.318293 0.361438 0.008437
0.317762 0.362314 0.00799
0.317886 0.360319 0.009862
0.31809 0.363948 0.004593
0.319047 0.356385 0.011498
0.319963 0.351976 0.013679
0.315168 0.364464 0.007431
0.31716 0.365163 0.004103
0.316833 0.357079 0.013658
0.316569 0.360018 0.01178
0.316818 0.355083 0.015113
0.317229 0.353387 0.015804
0.315252 0.362457 0.010177
0.313109 0.366703 0.007105
0.315257 0.359782 0.013248
0.317312 0.351738 0.017413
0.313624 0.360696 0.01404
0.314091 0.362234 0.011832
0.315395 0.355625 0.016351
0.31286 0.368179 0.006426
0.313979 0.368085 0.004934
0.312682 0.369862 0.006
0.314896 0.353985 0.019022
0.316241 0.352308 0.018396
0.311195 0.365724 0.010179
0.31251 0.365346 0.009117
0.310256 0.375965 0.0074
0.311142 0.37359 0.007795
0.311762 0.3737 0.006391
0.310626 0.375819 0.006503
0.310988 0.375353 0.005676
0.311814 0.372563 0.00714
0.311452 0.37212 0.007876
0.312412 0.371534 0.005235
0.31186 0.367816 0.008068
0.312579 0.35845 0.016662
0.310027 0.375304 0.008452
0.310153 0.371708 0.009517
0.314257 0.353945 0.019823
0.313863 0.354896 0.019225
0.312833 0.356706 0.017899
0.311593 0.364096 0.012704
0.311936 0.362219 0.014757
0.311631 0.361328 0.015794
0.308543 0.378363 0.006917
0.308257 0.37729 0.00956
0.310286 0.367275 0.010027
0.313009 0.354623 0.020263
0.30764 0.378726 0.008506
0.309532 0.368337 0.010633
0.311238 0.35806 0.017956
0.310852 0.3621 0.015834
0.310622 0.363105 0.015043
0.30968 0.365813 0.012505
0.306225 0.380838 0.007027
0.307887 0.374462 0.011585
0.307853 0.376075 0.010941
0.307806 0.373401 0.011974
0.310369 0.359551 0.0175
0.311144 0.353983 0.022045
0.307452 0.37068 0.01268
0.307173 0.367589 0.013697
0.307951 0.367008 0.013284
0.307867 0.365709 0.014227
0.308277 0.364641 0.014779
0.308806 0.362897 0.016131
0.308227 0.3601 0.018019
0.30862 0.358543 0.019055
0.30791 0.35574 0.022816
0.307104 0.369479 0.013377
0.306797 0.361338 0.017627
0.30496 0.369114 0.015963
0.305775 0.367353 0.015054
0.306234 0.365488 0.015115
0.306394 0.363648 0.015951
0.305274 0.363667 0.016455
0.305535 0.361706 0.017879
0.30621 0.357941 0.020996
0.305291 0.359319 0.020126
0.309137 0.354735 0.023142
0.310406 0.353728 0.023019
0.309733 0.352969 0.025265
0.301224 0.387338 -0.011878
0.300079 0.387597 -0.009427
0.298147 0.387857 -0.002352
0.301639 0.385588 -0.004372
0.303024 0.38612 -0.013418
0.300508 0.390599 -0.023304
0.302097 0.389165 -0.027321
0.301888 0.388812 -0.020178
0.301695 0.388318 -0.016617
0.30206 0.385465 0.000841
0.301841 0.385448 -0.001777
0.300765 0.386468 -0.000412
0.299429 0.387263 -0.000911
0.302538 0.385215 -0.008192
0.304378 0.387171 -0.032123
0.30403 0.387179 -0.03342
0.303006 0.387993 -0.032996
0.303226 0.388057 -0.030754
0.303363 0.387989 -0.025504
0.304891 0.38631 -0.021635
0.303399 0.38763 -0.021644
0.301934 0.387397 -0.037133
0.303912 0.386316 -0.036325
0.30351 0.386582 -0.016833
0.306247 0.383761 -0.014786
0.305564 0.382093 6.8e-05
0.304371 0.382926 0.002891
0.30342 0.384179 -0.001101
0.303645 0.384096 -0.002613
0.304854 0.383538 -0.008678
0.305958 0.383039 -0.01199
0.309309 0.379324 -0.042898
0.334341 0.347335 0.001326
0.332148 0.351484 -8.3e-05
0.331668 0.34998 0.001699
0.330207 0.354723 -0.000264
0.329153 0.356475 -0.000159
0.328734 0.35347 0.002281
0.326532 0.361309 0.001185
0.327452 0.359561 0.000834
0.327268 0.357248 0.001878
0.327742 0.355305 0.002311
0.326575 0.360551 0.001935
0.325352 0.362281 0.001284
0.326038 0.361223 0.002137
0.324749 0.361892 0.002466
0.322516 0.363206 0.001753
0.323609 0.363693 -0.000178
0.320786 0.365804 -0.001097
0.320512 0.364407 0.001715
0.319299 0.367619 -0.002058
0.318826 0.365758 0.001671
0.317446 0.366658 0.002335
0.315323 0.370251 0.000617
0.314038 0.370861 0.002021
0.311493 0.375218 0.00023
0.312048 0.373756 0.001703
0.309685 0.377307 0.001366
0.310412 0.376171 0.001949
0.306362 0.386039 -0.032405
0.30951 0.377278 0.003117
0.307853 0.381351 -0.004691
0.305706 0.38625 -0.027448
0.30642 0.385565 -0.034284
0.306543 0.382387 -0.010823
0.305067 0.38517 -0.016712
0.305303 0.383208 -0.004932
0.305988 0.381338 0.002511
0.307794 0.381056 -0.041644
0.306103 0.378392 -0.047765
0.30505 0.380467 -0.045398
0.308805 0.383059 -0.036812
0.307052 0.383334 -0.038739
0.305361 0.383545 -0.040339
0.303819 0.385492 -0.038365
0.329954 0.349056 0.004453
0.32738 0.352864 0.004726
0.326697 0.356907 0.003028
0.325902 0.358532 0.003549
0.325352 0.360725 0.003143
0.322155 0.361899 0.003887
0.319437 0.364042 0.00316
0.314503 0.369129 0.00351
0.313081 0.370653 0.004131
0.31184 0.373336 0.003991
0.312082 0.373001 0.00314
0.310325 0.376147 0.003455
0.309105 0.377853 0.005295
0.306959 0.38046 0.005302
0.305667 0.381575 0.005927
POLYGONS 1305 5220
3 0 1 2
3 2 3 0
3 4 2 1
3 5 6 7
3 6 8 7
3 1 9 4
3 10 11 12
3 13 12 11
3 12 13 14
3 8 15 9
3 4 9 15
3 7 8 16
3 17 16 8
3 12 14 18
3 7 19 20
3 14 5 20
3 7 20 5
3 17 9 21
3 9 17 8
3 19 16 22
3 16 19 7
3 16 17 22
3 22 17 23
3 24 14 20
3 21 23 17
3 20 19 25
3 19 22 26
3 27 23 28
3 23 27 22
3 26 22 27
3 14 24 18
3 21 28 23
3 26 27 29
3 29 27 30
3 30 27 28
3 25 19 26
3 25 31 20
3 26 29 32
3 33 26 34
3 26 33 25
3 34 26 32
3 6 5 35
3 36 37 38
3 39 38 37
3 40 36 38
3 38 41 42
3 43 42 41
3 42 43 44
3 44 43 45
3 45 46 44
3 47 45 43
3 43 48 47
3 47 48 49
3 46 50 42
3 42 44 46
3 51 49 52
3 47 49 53
3 53 49 51
3 46 54 50
3 55 54 46
3 45 55 46
3 47 55 45
3 51 52 56
3 55 47 53
3 51 56 57
3 53 51 58
3 57 58 51
3 56 59 57
3 58 60 55
3 53 58 55
3 57 59 61
3 62 63 60
3 60 58 62
3 58 57 64
3 62 58 64
3 61 65 66
3 61 67 65
3 65 67 68
3 63 62 69
3 70 69 62
3 62 64 70
3 66 64 57
3 66 57 61
3 69 71 63
3 70 64 66
3 72 69 73
3 71 69 72
3 74 73 69
3 69 70 74
3 70 66 75
3 76 65 68
3 73 74 77
3 70 77 74
3 77 70 75
3 68 78 76
3 73 77 79
3 66 65 80
3 80 65 81
3 81 65 76
3 76 78 82
3 83 72 84
3 76 82 85
3 82 86 85
3 72 73 84
3 73 79 84
3 75 66 80
3 87 81 76
3 87 76 85
3 83 84 88
3 84 79 89
3 90 89 79
3 79 77 90
3 91 77 92
3 92 77 75
3 93 86 94
3 77 91 90
3 75 80 92
3 85 86 93
3 93 94 95
3 80 81 96
3 81 87 96
3 87 85 97
3 92 80 98
3 98 80 96
3 97 96 87
3 89 90 99
3 91 92 98
3 95 100 101
3 91 98 102
3 98 96 103
3 85 104 97
3 104 85 93
3 99 105 89
3 98 103 106
3 103 96 107
3 93 95 101
3 108 89 105
3 99 90 109
3 90 91 109
3 91 102 109
3 106 102 98
3 103 110 106
3 107 110 103
3 107 96 111
3 96 97 104
3 93 101 104
3 100 112 101
3 109 102 113
3 102 114 113
3 115 114 102
3 102 106 115
3 110 107 111
3 111 96 116
3 96 104 116
3 117 118 105
3 105 99 117
3 99 109 117
3 106 110 119
3 115 106 119
3 120 101 112
3 117 109 121
3 113 114 122
3 122 114 115
3 123 122 115
3 115 119 123
3 119 110 124
3 124 110 111
3 104 101 116
3 116 101 125
3 121 109 126
3 109 113 126
3 113 127 126
3 127 113 122
3 128 111 116
3 101 120 125
3 118 117 121
3 126 127 129
3 127 122 130
3 122 123 130
3 123 119 131
3 131 130 123
3 124 111 128
3 132 120 133
3 133 120 112
3 133 112 134
3 135 126 136
3 121 126 135
3 136 126 129
3 124 131 119
3 128 116 137
3 132 125 120
3 132 133 138
3 118 121 139
3 135 139 121
3 129 127 140
3 141 128 137
3 116 125 137
3 133 134 142
3 140 127 130
3 130 131 143
3 131 124 144
3 124 128 144
3 144 128 141
3 125 145 137
3 125 146 145
3 125 132 146
3 132 138 147
3 133 148 138
3 133 142 148
3 149 139 150
3 150 139 135
3 135 136 150
3 136 129 151
3 152 129 140
3 140 130 153
3 153 130 143
3 131 144 143
3 145 146 154
3 132 147 146
3 148 142 155
3 151 129 152
3 153 143 156
3 137 145 154
3 154 146 157
3 147 138 158
3 158 138 159
3 148 159 138
3 148 160 159
3 150 136 161
3 136 151 161
3 152 140 162
3 140 153 162
3 163 153 156
3 156 143 164
3 143 144 164
3 164 144 141
3 137 154 141
3 154 157 165
3 146 166 157
3 146 147 166
3 166 147 158
3 152 167 151
3 162 153 163
3 141 154 168
3 154 165 168
3 165 157 169
3 157 166 169
3 158 170 166
3 170 159 171
3 158 159 170
3 159 160 171
3 172 150 161
3 161 151 167
3 167 152 173
3 171 160 174
3 160 148 155
3 167 175 161
3 167 173 175
3 152 162 173
3 162 163 173
3 168 176 141
3 168 165 177
3 177 165 169
3 166 170 178
3 171 178 170
3 160 155 179
3 174 160 179
3 172 161 180
3 161 175 181
3 173 163 182
3 163 183 182
3 156 183 163
3 184 183 156
3 156 164 184
3 184 164 176
3 164 141 176
3 169 166 185
3 178 185 166
3 186 172 180
3 161 181 180
3 173 182 175
3 176 168 177
3 177 169 185
3 172 186 187
3 180 181 188
3 181 175 189
3 189 175 182
3 184 190 183
3 184 191 190
3 176 191 184
3 176 177 192
3 177 185 192
3 188 186 180
3 183 189 182
3 191 193 190
3 176 192 191
3 186 188 194
3 181 195 188
3 189 195 181
3 189 183 190
3 191 192 196
3 194 188 195
3 195 189 197
3 197 189 198
3 199 189 190
3 196 193 191
3 189 199 198
3 199 190 193
3 195 197 194
3 200 201 202
3 203 201 204
3 201 200 204
3 204 205 203
3 204 200 206
3 200 207 206
3 205 204 208
3 206 207 209
3 210 209 207
3 208 204 206
3 210 211 209
3 212 205 213
3 205 208 213
3 214 208 206
3 206 209 215
3 211 215 209
3 216 212 213
3 217 218 214
3 214 206 217
3 208 214 213
3 219 212 216
3 220 217 206
3 215 220 206
3 211 221 215
3 222 223 216
3 218 224 225
3 217 224 218
3 226 217 220
3 227 226 220
3 227 220 215
3 221 227 215
3 214 218 228
3 228 229 214
3 213 214 229
3 222 216 230
3 225 224 231
3 225 228 218
3 232 231 224
3 224 217 232
3 226 232 217
3 233 226 227
3 234 213 229
3 216 213 234
3 216 234 230
3 229 228 225
3 226 235 232
3 233 227 236
3 221 236 227
3 237 236 221
3 238 230 234
3 239 225 231
3 240 235 226
3 233 240 226
3 235 240 241
3 236 240 233
3 225 239 229
3 231 232 242
3 235 242 232
3 234 229 239
3 234 243 244
3 238 244 245
3 234 244 238
3 240 246 241
3 240 236 246
3 242 247 231
3 234 239 243
3 244 248 245
3 247 249 250
3 235 241 251
3 242 249 247
3 231 247 250
3 243 231 250
3 239 231 243
3 252 244 253
3 254 244 243
3 253 244 254
3 252 248 244
3 249 235 255
3 235 251 255
3 242 235 249
3 241 246 251
3 256 237 257
3 246 236 256
3 237 256 236
3 243 250 258
3 254 243 258
3 259 260 237
3 261 248 252
3 258 250 262
3 249 262 250
3 251 246 256
3 260 257 237
3 254 263 253
3 252 253 264
3 265 249 266
3 249 265 262
3 262 267 258
3 255 251 268
3 256 257 268
3 251 256 268
3 255 266 249
3 257 260 268
3 254 269 263
3 266 255 268
3 258 267 269
3 258 269 254
3 264 253 263
3 270 252 264
3 271 261 270
3 270 261 252
3 268 260 272
3 267 273 269
3 273 267 274
3 275 263 276
3 274 269 273
3 270 264 275
3 263 275 264
3 261 271 277
3 278 262 279
3 280 266 281
3 279 265 280
3 265 279 262
3 266 280 265
3 274 267 278
3 278 267 262
3 276 263 269
3 274 276 269
3 281 266 282
3 266 268 282
3 282 268 272
3 279 283 278
3 284 278 283
3 278 284 274
3 271 270 275
3 282 272 285
3 286 279 280
3 279 286 283
3 287 276 284
3 276 287 275
3 274 284 276
3 288 271 289
3 289 271 275
3 271 288 277
3 280 281 290
3 281 282 291
3 292 284 286
3 283 286 284
3 275 287 289
3 286 280 293
3 293 280 290
3 287 284 292
3 287 294 295
3 287 295 289
3 289 296 288
3 291 290 281
3 297 289 298
3 297 296 289
3 294 287 299
3 292 299 287
3 298 289 295
3 291 282 300
3 299 292 301
3 286 293 302
3 293 303 302
3 293 290 304
3 300 285 305
3 285 306 305
3 282 285 300
3 291 304 290
3 291 300 307
3 305 306 308
3 309 295 294
3 309 310 298
3 295 309 298
3 310 297 298
3 301 292 302
3 286 302 292
3 304 291 307
3 302 303 311
3 312 309 313
3 294 313 309
3 310 309 312
3 314 297 310
3 294 299 301
3 301 302 315
3 316 293 304
3 311 293 316
3 307 300 305
3 310 312 317
3 313 294 318
3 301 319 318
3 301 318 294
3 319 301 315
3 304 307 320
3 307 305 321
3 311 322 302
3 313 323 312
3 310 317 314
3 324 314 317
3 322 311 316
3 320 307 321
3 305 308 325
3 326 319 327
3 319 315 327
3 327 315 328
3 329 328 315
3 329 302 322
3 302 329 315
3 330 322 331
3 318 323 313
3 312 323 317
3 323 318 326
3 326 318 319
3 331 304 332
3 332 304 320
3 316 331 322
3 304 331 316
3 333 326 334
3 334 327 335
3 328 335 327
3 327 334 326
3 322 330 329
3 336 317 323
3 333 323 326
3 305 337 321
3 305 325 338
3 328 339 335
3 333 340 323
3 336 323 340
3 320 321 341
3 340 342 343
3 334 342 333
3 342 334 344
3 334 335 344
3 339 344 335
3 328 329 345
3 330 331 346
3 329 330 347
3 347 345 329
3 342 340 333
3 321 337 341
3 337 305 338
3 332 346 331
3 332 320 341
3 348 340 343
3 345 339 328
3 347 330 346
3 336 340 348
3 337 338 349
3 350 332 351
3 346 332 350
3 338 325 352
3 348 343 353
3 344 343 342
3 344 339 354
3 339 345 355
3 355 345 347
3 347 346 356
3 346 350 356
3 351 332 341
3 349 338 357
3 358 343 359
3 343 344 359
3 343 358 353
3 355 347 360
3 356 360 347
3 361 356 350
3 350 351 361
3 352 362 357
3 338 352 357
3 348 353 363
3 354 359 344
3 354 339 364
3 364 339 355
3 356 365 360
3 341 337 366
3 349 366 337
3 363 353 367
3 358 367 353
3 368 360 369
3 370 369 360
3 365 370 360
3 371 365 356
3 364 355 368
3 355 360 368
3 372 357 362
3 351 341 373
3 341 366 373
3 367 374 363
3 354 375 359
3 354 364 376
3 373 361 351
3 366 349 372
3 357 372 349
3 377 359 375
3 376 375 354
3 367 377 374
3 358 377 367
3 359 377 358
3 376 364 378
3 364 368 378
3 369 370 379
3 371 379 370
3 370 365 371
3 380 372 381
3 362 381 372
3 382 361 373
3 371 356 382
3 356 361 382
3 373 366 380
3 372 380 366
3 383 377 384
3 377 383 374
3 369 379 385
3 386 381 362
3 371 382 387
3 382 373 388
3 389 383 384
3 390 384 375
3 375 384 377
3 378 368 385
3 387 379 371
3 368 369 385
3 381 391 380
3 392 386 393
3 386 392 381
3 393 386 394
3 373 380 388
3 390 375 395
3 396 395 375
3 396 378 397
3 396 375 376
3 378 396 376
3 378 379 397
3 379 378 385
3 388 380 391
3 381 392 391
3 382 388 387
3 389 384 398
3 398 384 399
3 384 390 399
3 399 395 400
3 390 395 399
3 396 401 395
3 396 397 402
3 379 403 397
3 388 391 404
3 391 392 405
3 393 405 392
3 403 379 406
3 379 387 406
3 400 395 401
3 402 401 396
3 407 402 397
3 397 403 407
3 405 393 408
3 388 406 387
3 404 406 388
3 391 405 409
3 408 394 410
3 394 408 393
3 399 400 411
3 411 400 412
3 400 401 412
3 413 412 401
3 401 402 413
3 414 415 413
3 413 407 414
3 407 413 402
3 416 405 408
3 391 409 404
3 408 410 417
3 418 412 419
3 412 418 411
3 415 419 413
3 413 419 412
3 415 414 420
3 403 414 407
3 421 414 403
3 406 421 403
3 422 416 423
3 408 424 416
3 416 422 405
3 425 421 406
3 425 409 422
3 404 409 425
3 404 425 406
3 405 422 409
3 417 424 408
3 418 419 426
3 427 428 429
3 427 430 431
3 432 431 430
3 428 427 431
3 433 432 430
3 432 433 419
3 432 419 415
3 434 428 431
3 431 432 415
3 420 431 415
3 434 431 420
3 421 420 414
3 435 420 421
3 435 425 436
3 422 423 425
3 423 416 424
3 425 435 421
3 433 426 419
3 437 427 438
3 433 430 437
3 427 437 430
3 439 438 427
3 427 429 439
3 440 439 429
3 440 429 441
3 429 428 434
3 441 429 434
3 434 420 441
3 442 441 435
3 435 441 420
3 443 424 444
3 417 444 424
3 436 423 445
3 442 435 436
3 423 436 425
3 445 423 443
3 424 443 423
3 426 433 446
3 447 426 448
3 449 438 439
3 450 449 439
3 451 437 438
3 440 442 452
3 442 440 441
3 444 453 443
3 444 417 454
3 417 455 454
3 445 456 436
3 446 437 457
3 458 426 446
3 446 433 437
3 426 458 448
3 459 447 448
3 437 451 457
3 460 451 438
3 438 449 460
3 450 439 461
3 439 440 461
3 452 461 440
3 456 445 462
3 443 453 462
3 443 462 445
3 463 453 444
3 444 454 463
3 454 455 464
3 452 436 456
3 436 452 442
3 465 457 466
3 467 446 465
3 458 446 467
3 457 465 446
3 458 459 448
3 457 451 466
3 460 466 451
3 468 469 452
3 452 456 468
3 462 468 456
3 470 453 463
3 454 471 463
3 464 471 454
3 460 449 472
3 472 449 450
3 461 472 450
3 469 461 452
3 458 467 473
3 459 458 473
3 469 468 474
3 475 474 468
3 468 462 475
3 470 462 453
3 466 460 476
3 472 476 460
3 472 461 477
3 477 469 474
3 469 477 461
3 473 467 478
3 467 465 479
3 465 480 479
3 466 480 465
3 470 475 462
3 477 474 481
3 482 481 474
3 459 473 483
3 459 483 447
3 479 478 467
3 482 474 475
3 475 470 484
3 470 463 485
3 471 485 463
3 480 486 479
3 480 466 487
3 476 487 466
3 481 472 477
3 473 488 483
3 473 478 488
3 482 475 489
3 485 484 470
3 485 471 490
3 476 472 481
3 481 482 491
3 489 491 482
3 483 488 492
3 484 485 493
3 484 489 475
3 488 478 494
3 479 494 478
3 495 494 479
3 486 495 479
3 487 476 496
3 481 496 476
3 480 487 497
3 497 486 480
3 489 484 498
3 498 484 493
3 488 499 492
3 500 495 486
3 497 500 486
3 496 497 487
3 501 489 498
3 494 499 488
3 501 502 489
3 499 494 503
3 500 504 495
3 37 36 505
3 40 38 42
3 40 506 36
3 42 507 40
3 40 507 506
3 508 507 42
3 42 50 508
3 54 508 50
3 54 509 508
3 509 54 71
3 63 71 54
3 54 60 63
3 509 71 510
3 71 511 510
3 511 71 72
3 511 72 83
3 88 308 83
3 308 88 108
3 88 84 108
3 108 84 89
3 512 108 105
3 512 105 118
3 362 512 513
3 118 513 512
3 118 514 513
3 514 118 139
3 514 139 515
3 149 515 139
3 150 516 149
3 149 516 455
3 172 516 150
3 172 517 516
3 516 517 518
3 517 187 518
3 517 172 187
3 518 187 519
3 221 211 505
3 221 505 520
3 520 237 221
3 36 520 505
3 520 36 237
3 237 36 259
3 507 508 259
3 259 506 507
3 259 508 260
3 260 508 509
3 260 509 272
3 272 509 510
3 510 285 272
3 510 511 285
3 285 511 306
3 306 511 83
3 306 83 308
3 325 308 108
3 325 108 352
3 352 108 512
3 512 362 352
3 513 386 362
3 386 513 514
3 514 394 386
3 394 514 515
3 515 410 394
3 410 515 149
3 410 149 417
3 149 455 417
3 455 516 464
3 516 518 464
3 521 490 471
3 521 471 464
3 522 523 524
3 525 524 523
3 523 522 526
3 525 527 524
3 528 524 529
3 522 524 528
3 528 530 522
3 530 531 532
3 533 532 531
3 524 527 534
3 535 528 529
3 536 524 534
3 536 529 524
3 529 536 537
3 530 528 535
3 538 536 539
3 539 536 534
3 537 536 538
3 535 529 537
3 535 540 530
3 540 531 530
3 535 537 540
3 541 539 542
3 539 541 538
3 540 537 543
3 540 544 531
3 545 540 543
3 543 537 541
3 537 538 541
3 546 541 542
3 544 540 545
3 542 547 546
3 541 546 548
3 547 542 549
3 548 550 541
3 543 541 550
3 550 545 543
3 544 545 551
3 552 549 553
3 549 552 547
3 554 548 555
3 550 548 554
3 554 556 550
3 545 550 556
3 551 545 557
3 555 548 546
3 552 558 547
3 546 547 558
3 553 559 552
3 554 555 560
3 556 557 545
3 561 551 557
3 562 546 563
3 558 563 546
3 546 562 555
3 556 554 564
3 564 557 556
3 565 566 567
3 559 566 565
3 568 557 564
3 568 569 557
3 563 558 570
3 560 555 562
3 570 558 571
3 558 552 571
3 552 559 571
3 572 573 574
3 575 572 574
3 576 575 574
3 577 574 573
3 573 578 577
3 577 567 574
3 567 579 574
3 565 578 580
3 577 578 567
3 565 567 578
3 559 565 580
3 571 559 570
3 581 560 562
3 554 560 581
3 564 554 581
3 573 572 582
3 580 578 583
3 584 568 585
3 564 586 585
3 564 585 568
3 570 587 563
3 588 563 587
3 563 588 562
3 581 562 589
3 590 572 575
3 582 572 591
3 583 578 573
3 559 580 592
3 570 559 592
3 564 581 586
3 585 593 584
3 588 589 562
3 590 594 572
3 572 594 591
3 580 583 595
3 595 592 580
3 586 581 596
3 585 586 593
3 597 588 598
3 589 588 597
3 588 587 598
3 570 599 587
3 590 600 594
3 601 582 602
3 582 601 573
3 583 573 601
3 601 603 583
3 582 591 602
3 570 592 599
3 589 597 604
3 581 589 604
3 596 581 604
3 584 593 605
3 603 606 583
3 595 583 606
3 606 607 595
3 595 608 592
3 607 608 595
3 609 587 599
3 610 598 609
3 598 587 609
3 599 592 608
3 597 611 612
3 604 597 612
3 586 596 593
3 611 598 610
3 597 598 611
3 599 608 609
3 613 614 593
3 605 593 614
3 604 613 596
3 593 596 613
3 607 606 615
3 609 608 607
3 616 612 611
3 613 604 612
3 617 618 607
3 607 615 617
3 619 609 607
3 610 609 619
3 620 616 611
3 611 610 620
3 618 619 607
3 620 610 619
3 613 612 616
3 620 621 622
3 616 620 622
3 623 613 624
3 613 622 624
3 616 622 613
3 614 613 623
3 605 625 626
3 625 627 626
3 625 605 614
3 625 614 627
3 628 14 629
3 14 13 629
3 629 13 11
3 628 5 14
3 630 631 10
3 11 10 631
3 35 628 632
3 633 634 2
3 15 8 635
3 633 15 635
3 3 2 634
3 35 636 6
3 628 35 5
3 635 6 636
3 6 635 8
3 637 638 639
3 640 639 638
3 638 631 630
3 630 640 638
3 641 11 631
3 15 633 4
3 2 4 633
3 629 11 641
3 642 643 644
3 644 645 642
3 646 645 634
3 644 634 645
3 647 634 648
3 646 634 647
3 644 643 649
3 649 643 650
3 636 648 635
3 651 632 652
3 651 648 636
3 635 648 633
3 648 634 633
3 3 634 644
3 632 636 35
3 653 637 654
3 655 637 653
3 638 637 655
3 655 656 638
3 631 638 656
3 656 657 631
3 641 631 657
3 651 636 632
3 658 629 641
3 628 629 658
3 632 628 658
3 187 186 659
3 186 194 659
3 660 324 661
3 317 336 661
3 324 317 661
3 348 661 336
3 363 661 348
3 660 661 662
3 661 363 663
3 663 363 664
3 663 665 661
3 662 661 665
3 363 666 667
3 666 363 374
3 667 664 363
3 667 668 664
3 669 664 668
3 664 665 663
3 667 666 670
3 667 670 668
3 666 374 383
3 669 665 664
3 671 383 389
3 666 671 672
3 383 671 666
3 666 672 670
3 671 673 672
3 673 671 674
3 671 389 675
3 675 389 398
3 671 675 674
3 674 675 676
3 675 398 676
3 399 676 398
3 676 399 411
3 674 676 677
3 411 678 676
3 411 418 678
3 418 426 678
3 676 678 679
3 678 426 447
3 676 679 677
3 679 678 680
3 678 447 681
3 680 678 681
3 447 483 681
3 681 682 680
3 682 681 683
3 683 681 483
3 483 492 683
3 683 684 682
3 481 652 496
3 685 686 684
3 685 683 499
3 492 499 683
3 683 685 684
3 493 485 687
3 485 490 687
3 688 686 685
3 494 495 689
3 489 652 491
3 491 652 481
3 493 690 498
3 687 490 691
3 490 521 691
3 499 503 685
3 503 494 689
3 504 689 495
3 502 652 489
3 692 500 497
3 501 498 690
3 687 690 493
3 693 502 647
3 652 502 693
3 497 496 658
3 692 497 658
3 652 658 496
3 690 647 501
3 501 647 502
3 690 687 642
3 687 691 643
3 653 688 685
3 653 685 503
3 503 689 653
3 504 694 689
3 500 692 657
3 504 500 657
3 642 687 643
3 694 656 689
3 653 695 688
3 641 692 658
3 657 692 641
3 646 647 690
3 645 646 690
3 653 689 656
3 504 657 694
3 653 654 695
3 693 651 652
3 656 655 653
3 657 656 694
3 519 187 659
3 696 519 659
3 659 194 697
3 696 659 698
3 518 519 699
3 699 519 700
3 696 700 519
3 700 696 701
3 700 701 702
3 700 702 650
3 464 518 699
3 699 521 464
3 521 699 691
3 650 691 699
3 699 700 650
3 650 643 691
3 693 647 648
3 690 642 645
3 658 652 632
3 651 693 648
3 703 662 665
3 703 665 704
3 665 669 704
3 705 523 526
3 526 669 705
3 526 704 669
3 704 532 703
3 533 703 532
3 668 670 706
3 706 705 668
3 669 668 705
3 705 706 525
3 705 525 523
3 526 522 704
3 707 672 673
3 707 670 672
3 527 670 707
3 527 706 670
3 525 706 527
3 704 522 530
3 532 704 530
3 539 707 673
3 534 707 539
3 527 707 534
3 539 673 708
3 708 674 677
3 673 674 708
3 539 708 542
3 708 677 709
3 708 709 542
3 709 677 679
3 709 549 542
3 709 679 680
3 709 553 549
3 709 680 553
3 559 680 710
3 553 680 559
3 680 682 710
3 711 566 710
3 711 682 684
3 682 711 710
3 712 574 579
3 579 713 712
3 579 711 713
3 567 711 579
3 567 566 711
3 684 713 711
3 712 576 574
3 714 576 712
3 686 714 712
3 712 713 686
3 684 686 713
3 575 576 715
3 714 715 576
3 688 715 714
3 686 688 714
3 715 590 575
3 688 695 715
3 600 590 716
3 715 716 590
3 695 716 715
3 717 600 716
3 654 717 716
3 716 695 654
CELL_DATA 1305
SCALARS brightness_temperature float
LOOKUP_TABLE default
354.3299865722656
354.3299865722656
354.3299865722656
354.1000061035156
354.1000061035156
354.510009765625
354.1000061035156
354.1000061035156
354.1000061035156
354.3299865722656
354.3299865722656
351.6199951171875
351.6199951171875
354.1000061035156
351.6199951171875
354.1000061035156
354.1000061035156
354.510009765625
354.510009765625
351.6199951171875
351.6199951171875
351.6199951171875
351.6199951171875
351.6199951171875
354.510009765625
351.6199951171875
351.6199951171875
351.6199951171875
351.6199951171875
351.6199951171875
354.1000061035156
354.510009765625
351.6199951171875
351.6199951171875
351.6199951171875
351.6199951171875
351.6199951171875
351.6199951171875
351.6199951171875
351.6199951171875
351.6199951171875
354.1000061035156
355.45001220703125
355.45001220703125
355.45001220703125
355.45001220703125
355.45001220703125
355.45001220703125
355.45001220703125
355.45001220703125
355.45001220703125
355.45001220703125
355.45001220703125
355.45001220703125
355.45001220703125
355.45001220703125
355.45001220703125
355.45001220703125
355.45001220703125
355.45001220703125
355.45001220703125
355.45001220703125
355.45001220703125
355.45001220703125
355.45001220703125
355.45001220703125
355.45001220703125
355.45001220703125
355.45001220703125
355.45001220703125
355.45001220703125
355.45001220703125
355.45001220703125
355.45001220703125
355.45001220703125
355.45001220703125
355.45001220703125
355.45001220703125
355.45001220703125
355.45001220703125
355.45001220703125
355.45001220703125
355.45001220703125
355.45001220703125
355.45001220703125
354.67999267578125
354.67999267578125
354.67999267578125
354.67999267578125
354.67999267578125
355.45001220703125
354.67999267578125
354.67999267578125
354.67999267578125
355.45001220703125
354.67999267578125
354.67999267578125
354.67999267578125
354.67999267578125
355.45001220703125
354.67999267578125
354.67999267578125
353.8500061035156
354.67999267578125
354.67999267578125
354.67999267578125
354.67999267578125
354.67999267578125
354.67999267578125
354.67999267578125
354.67999267578125
354.67999267578125
354.67999267578125
354.67999267578125
353.4599914550781
354.67999267578125
354.67999267578125
353.4599914550781
353.4599914550781
354.67999267578125
354.67999267578125
354.67999267578125
354.67999267578125
354.67999267578125
354.67999267578125
354.67999267578125
354.67999267578125
353.4599914550781
354.67999267578125
354.67999267578125
354.67999267578125
353.4599914550781
354.67999267578125
354.67999267578125
354.67999267578125
353.4599914550781
354.67999267578125
354.67999267578125
354.67999267578125
354.67999267578125
354.67999267578125
354.67999267578125
354.67999267578125
354.67999267578125
354.67999267578125
353.4599914550781
353.4599914550781
354.67999267578125
354.67999267578125
354.67999267578125
354.67999267578125
354.67999267578125
354.67999267578125
354.67999267578125
354.67999267578125
354.67999267578125
354.67999267578125
354.67999267578125
354.67999267578125
353.4599914550781
354.67999267578125
354.67999267578125
354.67999267578125
354.67999267578125
354.67999267578125
354.67999267578125
354.67999267578125
353.4599914550781
353.4599914550781
354.67999267578125
354.67999267578125
354.67999267578125
354.67999267578125
354.67999267578125
353.4599914550781
354.67999267578125
354.67999267578125
354.67999267578125
354.67999267578125
354.67999267578125
354.67999267578125
354.67999267578125
353.4599914550781
353.4599914550781
353.4599914550781
352.7900085449219
354.67999267578125
352.7900085449219
354.67999267578125
353.4599914550781
353.4599914550781
353.4599914550781
352.7900085449219
352.7900085449219
354.67999267578125
354.67999267578125
353.4599914550781
353.4599914550781
354.67999267578125
354.67999267578125
354.67999267578125
354.67999267578125
354.67999267578125
353.4599914550781
353.4599914550781
353.4599914550781
353.4599914550781
353.4599914550781
353.4599914550781
352.7900085449219
352.7900085449219
352.7900085449219
352.7900085449219
352.7900085449219
352.7900085449219
352.7900085449219
354.67999267578125
353.4599914550781
353.4599914550781
353.4599914550781
352.7900085449219
352.7900085449219
353.4599914550781
353.4599914550781
353.4599914550781
353.4599914550781
353.4599914550781
353.4599914550781
352.7900085449219
352.7900085449219
352.7900085449219
352.7900085449219
352.7900085449219
352.7900085449219
352.7900085449219
354.67999267578125
353.4599914550781
353.4599914550781
353.4599914550781
353.4599914550781
353.4599914550781
352.7900085449219
352.7900085449219
353.4599914550781
353.4599914550781
353.4599914550781
353.4599914550781
353.4599914550781
353.4599914550781
353.4599914550781
353.4599914550781
352.7900085449219
352.7900085449219
352.7900085449219
353.4599914550781
353.4599914550781
352.7900085449219
352.7900085449219
352.7900085449219
352.7900085449219
353.17999267578125
353.17999267578125
353.17999267578125
353.4599914550781
353.4599914550781
353.4599914550781
353.4599914550781
352.7900085449219
352.7900085449219
352.7900085449219
352.7900085449219
352.7900085449219
352.7900085449219
352.7900085449219
352.7900085449219
352.7900085449219
353.4599914550781
353.4599914550781
352.7900085449219
352.7900085449219
352.7900085449219
353.17999267578125
353.17999267578125
352.7900085449219
352.7900085449219
352.7900085449219
352.7900085449219
352.7900085449219
352.7900085449219
352.7900085449219
353.17999267578125
353.17999267578125
352.7900085449219
352.7900085449219
352.7900085449219
353.17999267578125
352.7900085449219
352.7900085449219
352.7900085449219
352.7900085449219
353.17999267578125
352.7900085449219
352.7900085449219
352.7900085449219
352.7900085449219
353.17999267578125
352.7900085449219
352.7900085449219
352.7900085449219
350.7300109863281
350.7300109863281
350.7300109863281
350.7300109863281
350.7300109863281
350.7300109863281
350.7300109863281
350.7300109863281
350.7300109863281
350.7300109863281
350.7300109863281
350.7300109863281
350.7300109863281
350.7300109863281
350.7300109863281
350.7300109863281
350.7300109863281
350.7300109863281
350.7300109863281
350.7300109863281
350.7300109863281
350.7300109863281
350.7300109863281
350.7300109863281
350.7300109863281
350.7300109863281
350.7300109863281
350.7300109863281
350.7300109863281
350.7300109863281
350.7300109863281
350.7300109863281
350.7300109863281
350.7300109863281
350.7300109863281
350.7300109863281
350.7300109863281
351.6400146484375
350.7300109863281
350.7300109863281
351.6400146484375
350.7300109863281
350.7300109863281
350.7300109863281
350.7300109863281
351.6400146484375
351.6400146484375
351.6400146484375
351.6400146484375
350.7300109863281
351.6400146484375
351.6400146484375
351.6400146484375
351.6400146484375
351.6400146484375
350.7300109863281
351.6400146484375
351.6400146484375
350.7300109863281
350.7300109863281
343.80999755859375
350.7300109863281
351.6400146484375
351.6400146484375
351.6400146484375
351.6400146484375
343.80999755859375
351.6400146484375
351.6400146484375
351.6400146484375
351.6400146484375
351.6400146484375
351.6400146484375
345.7300109863281
351.6400146484375
351.6400146484375
343.80999755859375
351.6400146484375
351.6400146484375
351.6400146484375
351.6400146484375
351.6400146484375
351.6400146484375
351.6400146484375
351.6400146484375
351.6400146484375
351.6400146484375
343.80999755859375
351.6400146484375
351.6400146484375
351.6400146484375
351.6400146484375
351.6400146484375
345.7300109863281
351.6400146484375
351.6400146484375
351.6400146484375
351.6400146484375
351.6400146484375
351.6400146484375
351.6400146484375
351.6400146484375
351.6400146484375
351.6400146484375
351.6400146484375
351.6400146484375
345.7300109863281
345.7300109863281
345.7300109863281
345.7300109863281
351.6400146484375
351.6400146484375
351.6400146484375
345.7300109863281
351.6400146484375
345.7300109863281
345.7300109863281
345.7300109863281
351.6400146484375
351.6400146484375
351.6400146484375
351.6400146484375
351.6400146484375
351.6400146484375
351.6400146484375
345.7300109863281
345.7300109863281
351.6400146484375
351.6400146484375
351.6400146484375
351.6400146484375
351.6400146484375
351.6400146484375
345.7300109863281
351.6400146484375
351.6400146484375
351.6400146484375
345.7300109863281
345.7300109863281
345.7300109863281
345.7300109863281
345.7300109863281
345.7300109863281
351.6400146484375
351.6400146484375
345.7300109863281
345.7300109863281
345.7300109863281
351.6400146484375
351.6400146484375
345.7300109863281
345.7300109863281
345.7300109863281
345.7300109863281
351.6400146484375
345.7300109863281
345.7300109863281
345.7300109863281
345.7300109863281
345.7300109863281
351.6400146484375
345.7300109863281
351.6400146484375
351.6400146484375
351.6400146484375
352.17999267578125
352.17999267578125
351.6400146484375
351.6400146484375
352.17999267578125
352.17999267578125
345.7300109863281
345.7300109863281
345.7300109863281
345.7300109863281
345.7300109863281
345.7300109863281
352.17999267578125
351.6400146484375
345.7300109863281
345.7300109863281
345.7300109863281
345.7300109863281
345.7300109863281
345.7300109863281
351.6400146484375
351.6400146484375
352.17999267578125
345.7300109863281
345.7300109863281
345.7300109863281
345.7300109863281
345.7300109863281
352.17999267578125
352.17999267578125
352.17999267578125
345.7300109863281
345.7300109863281
345.7300109863281
352.17999267578125
352.17999267578125
352.17999267578125
351.3500061035156
351.3500061035156
351.3500061035156
351.3500061035156
351.3500061035156
351.3500061035156
352.17999267578125
345.7300109863281
345.7300109863281
345.7300109863281
345.7300109863281
352.17999267578125
352.17999267578125
352.17999267578125
352.17999267578125
351.3500061035156
351.3500061035156
351.3500061035156
351.3500061035156
351.3500061035156
345.7300109863281
351.3500061035156
352.17999267578125
352.17999267578125
351.3500061035156
351.3500061035156
351.3500061035156
352.17999267578125
351.3500061035156
351.3500061035156
351.3500061035156
351.3500061035156
351.3500061035156
351.3500061035156
352.17999267578125
351.3500061035156
351.3500061035156
351.3500061035156
352.17999267578125
352.17999267578125
352.17999267578125
352.17999267578125
351.3500061035156
351.3500061035156
351.3500061035156
351.3500061035156
352.17999267578125
352.17999267578125
352.17999267578125
352.17999267578125
351.3500061035156
351.3500061035156
351.3500061035156
351.3500061035156
351.3500061035156
352.17999267578125
352.17999267578125
352.17999267578125
352.17999267578125
351.3500061035156
351.3500061035156
351.3500061035156
351.3500061035156
351.3500061035156
352.17999267578125
352.17999267578125
352.17999267578125
352.17999267578125
351.3500061035156
351.3500061035156
351.3500061035156
351.3500061035156
351.3500061035156
352.17999267578125
352.17999267578125
351.3500061035156
351.3500061035156
351.3500061035156
351.3500061035156
351.3500061035156
352.17999267578125
351.3500061035156
351.3500061035156
352.17999267578125
352.17999267578125
352.17999267578125
351.3500061035156
351.3500061035156
351.3500061035156
352.17999267578125
352.17999267578125
352.17999267578125
351.3500061035156
351.3500061035156
351.3500061035156
351.3500061035156
351.3500061035156
351.3500061035156
351.3500061035156
351.3500061035156
351.3500061035156
351.3500061035156
352.17999267578125
352.17999267578125
352.17999267578125
352.17999267578125
352.17999267578125
352.17999267578125
352.17999267578125
351.3500061035156
340.6400146484375
351.3500061035156
352.17999267578125
352.17999267578125
352.17999267578125
340.6400146484375
351.3500061035156
351.3500061035156
351.3500061035156
352.17999267578125
351.3500061035156
352.17999267578125
353.6300048828125
353.6300048828125
353.6300048828125
352.17999267578125
351.3500061035156
351.3500061035156
351.3500061035156
351.3500061035156
351.3500061035156
351.3500061035156
351.3500061035156
352.17999267578125
353.6300048828125
352.17999267578125
351.3500061035156
351.3500061035156
351.3500061035156
351.3500061035156
351.3500061035156
351.3500061035156
351.3500061035156
351.3500061035156
353.6300048828125
353.6300048828125
353.6300048828125
352.17999267578125
352.17999267578125
351.3500061035156
351.3500061035156
351.3500061035156
351.3500061035156
353.6300048828125
352.17999267578125
353.6300048828125
353.6300048828125
353.6300048828125
353.6300048828125
351.3500061035156
351.8999938964844
351.3500061035156
351.8999938964844
351.3500061035156
351.8999938964844
351.8999938964844
351.3500061035156
353.6300048828125
353.6300048828125
353.6300048828125
351.8999938964844
351.8999938964844
351.8999938964844
351.8999938964844
351.8999938964844
351.8999938964844
351.8999938964844
353.6300048828125
353.6300048828125
353.6300048828125
353.6300048828125
353.6300048828125
353.6300048828125
353.6300048828125
353.6300048828125
353.6300048828125
353.6300048828125
351.8999938964844
351.8999938964844
351.8999938964844
351.8999938964844
351.8999938964844
351.8999938964844
351.8999938964844
351.8999938964844
351.8999938964844
351.8999938964844
351.8999938964844
351.8999938964844
351.8999938964844
351.8999938964844
353.6300048828125
353.6300048828125
353.6300048828125
353.6300048828125
351.8999938964844
351.8999938964844
351.8999938964844
351.8999938964844
351.8999938964844
351.8999938964844
351.8999938964844
351.8999938964844
351.8999938964844
351.8999938964844
351.8999938964844
351.8999938964844
351.8999938964844
353.6300048828125
353.6300048828125
353.6300048828125
353.6300048828125
353.6300048828125
353.6300048828125
353.6300048828125
351.8999938964844
351.8999938964844
351.8999938964844
351.8999938964844
351.8999938964844
351.8999938964844
351.8999938964844
353.6300048828125
353.6300048828125
353.6300048828125
353.6300048828125
351.8999938964844
351.8999938964844
351.8999938964844
351.8999938964844
351.8999938964844
351.8999938964844
351.8999938964844
351.8999938964844
351.8999938964844
351.8999938964844
351.8999938964844
353.6300048828125
353.6300048828125
353.6300048828125
353.6300048828125
353.6300048828125
353.6300048828125
353.6300048828125
353.6300048828125
351.8999938964844
351.8999938964844
351.8999938964844
351.8999938964844
351.8999938964844
351.8999938964844
351.8999938964844
353.6300048828125
353.6300048828125
353.6300048828125
353.6300048828125
353.6300048828125
353.6300048828125
351.8999938964844
351.8999938964844
351.8999938964844
351.8999938964844
351.8999938964844
351.8999938964844
353.6300048828125
353.6300048828125
353.6300048828125
353.6300048828125
351.8999938964844
351.8999938964844
351.8999938964844
351.8999938964844
351.8999938964844
351.8999938964844
351.8999938964844
351.8999938964844
351.8999938964844
353.6300048828125
351.8999938964844
351.8999938964844
351.8999938964844
351.8999938964844
351.8999938964844
353.6300048828125
353.6300048828125
353.6300048828125
353.6300048828125
351.8999938964844
351.8999938964844
351.8999938964844
351.8999938964844
351.8999938964844
351.8999938964844
353.6300048828125
354.3299865722656
354.3299865722656
351.8999938964844
351.8999938964844
354.3299865722656
351.8999938964844
354.3299865722656
354.3299865722656
351.8999938964844
351.8999938964844
351.8999938964844
351.8999938964844
351.8999938964844
351.8999938964844
351.8999938964844
351.8999938964844
354.3299865722656
354.3299865722656
351.8999938964844
351.8999938964844
351.8999938964844
354.1000061035156
354.3299865722656
351.8999938964844
354.3299865722656
351.8999938964844
354.1000061035156
355.45001220703125
355.45001220703125
351.6400146484375
355.45001220703125
351.6400146484375
355.45001220703125
355.45001220703125
351.6400146484375
351.6400146484375
351.6400146484375
355.45001220703125
355.45001220703125
351.6400146484375
351.6400146484375
354.67999267578125
354.67999267578125
352.17999267578125
352.17999267578125
354.67999267578125
354.67999267578125
354.67999267578125
354.67999267578125
352.17999267578125
354.67999267578125
354.67999267578125
352.7900085449219
352.7900085449219
352.7900085449219
352.7900085449219
353.6300048828125
352.7900085449219
352.7900085449219
352.7900085449219
352.7900085449219
352.7900085449219
352.7900085449219
350.7300109863281
351.6400146484375
351.6400146484375
351.6400146484375
351.6400146484375
351.6400146484375
351.6400146484375
351.6400146484375
351.6400146484375
351.6400146484375
351.6400146484375
351.6400146484375
351.6400146484375
351.6400146484375
352.17999267578125
352.17999267578125
352.17999267578125
352.17999267578125
352.17999267578125
352.17999267578125
352.17999267578125
352.17999267578125
352.17999267578125
353.6300048828125
353.6300048828125
353.6300048828125
353.6300048828125
353.6300048828125
353.6300048828125
353.6300048828125
353.6300048828125
354.3299865722656
353.6300048828125
340.6400146484375
340.6400146484375
340.6400146484375
340.6400146484375
340.6400146484375
340.6400146484375
340.6400146484375
340.6400146484375
340.6400146484375
340.6400146484375
340.6400146484375
340.6400146484375
340.6400146484375
340.6400146484375
340.6400146484375
340.6400146484375
340.6400146484375
340.6400146484375
340.6400146484375
340.6400146484375
340.6400146484375
340.6400146484375
340.6400146484375
340.6400146484375
340.6400146484375
340.6400146484375
340.6400146484375
340.6400146484375
340.6400146484375
340.6400146484375
340.6400146484375
340.6400146484375
340.6400146484375
344.4700012207031
340.6400146484375
340.6400146484375
340.6400146484375
340.6400146484375
344.4700012207031
344.4700012207031
340.6400146484375
340.6400146484375
340.6400146484375
340.6400146484375
340.6400146484375
340.6400146484375
344.4700012207031
344.4700012207031
344.4700012207031
344.4700012207031
340.6400146484375
340.6400146484375
344.4700012207031
344.4700012207031
344.4700012207031
340.6400146484375
340.6400146484375
344.4700012207031
344.4700012207031
340.6400146484375
342.3500061035156
344.4700012207031
344.4700012207031
344.4700012207031
344.4700012207031
344.4700012207031
344.4700012207031
344.4700012207031
344.4700012207031
344.4700012207031
344.4700012207031
344.4700012207031
344.4700012207031
344.4700012207031
344.4700012207031
344.4700012207031
344.4700012207031
344.4700012207031
344.4700012207031
344.4700012207031
344.4700012207031
344.4700012207031
344.4700012207031
342.3500061035156
338.4100036621094
342.3500061035156
344.4700012207031
344.4700012207031
344.4700012207031
344.4700012207031
344.4700012207031
344.4700012207031
344.4700012207031
344.4700012207031
344.4700012207031
344.4700012207031
342.3500061035156
344.4700012207031
344.4700012207031
344.4700012207031
344.4700012207031
344.4700012207031
338.4100036621094
338.4100036621094
344.4700012207031
344.4700012207031
344.4700012207031
344.4700012207031
350.260009765625
344.4700012207031
344.4700012207031
344.4700012207031
344.4700012207031
344.4700012207031
344.4700012207031
344.4700012207031
344.4700012207031
344.4700012207031
338.4100036621094
344.4700012207031
344.4700012207031
344.4700012207031
344.4700012207031
344.4700012207031
344.4700012207031
344.4700012207031
344.4700012207031
344.4700012207031
344.4700012207031
344.4700012207031
338.4100036621094
344.4700012207031
344.4700012207031
344.4700012207031
338.4100036621094
338.4100036621094
338.4100036621094
338.4100036621094
344.4700012207031
344.4700012207031
344.4700012207031
338.4100036621094
344.4700012207031
344.4700012207031
344.4700012207031
344.4700012207031
344.4700012207031
344.4700012207031
344.4700012207031
344.4700012207031
338.4100036621094
344.4700012207031
344.4700012207031
338.4100036621094
338.4100036621094
338.4100036621094
338.4100036621094
338.4100036621094
338.4100036621094
338.4100036621094
338.4100036621094
354.1000061035156
354.1000061035156
354.1000061035156
354.1000061035156
354.1000061035156
354.1000061035156
354.1000061035156
354.3299865722656
354.3299865722656
354.3299865722656
354.3299865722656
354.1000061035156
354.1000061035156
354.1000061035156
354.1000061035156
350.260009765625
350.260009765625
354.1000061035156
354.1000061035156
354.1000061035156
354.3299865722656
354.3299865722656
354.1000061035156
354.3299865722656
354.3299865722656
354.3299865722656
354.3299865722656
354.3299865722656
354.3299865722656
354.3299865722656
354.3299865722656
354.3299865722656
354.1000061035156
354.1000061035156
354.3299865722656
354.3299865722656
354.3299865722656
354.1000061035156
350.260009765625
350.260009765625
350.260009765625
354.1000061035156
354.1000061035156
354.1000061035156
354.1000061035156
354.1000061035156
354.1000061035156
354.1000061035156
354.1000061035156
352.7900085449219
352.7900085449219
337.80999755859375
345.7300109863281
345.7300109863281
351.3500061035156
351.3500061035156
337.80999755859375
340.6400146484375
340.6400146484375
340.6400146484375
340.6400146484375
340.6400146484375
340.6400146484375
340.6400146484375
340.6400146484375
340.6400146484375
340.6400146484375
340.6400146484375
340.6400146484375
340.6400146484375
340.6400146484375
340.6400146484375
340.6400146484375
340.6400146484375
340.6400146484375
340.6400146484375
340.6400146484375
340.6400146484375
340.6400146484375
340.6400146484375
340.6400146484375
340.6400146484375
351.3500061035156
351.3500061035156
340.6400146484375
351.8999938964844
351.8999938964844
351.8999938964844
344.4700012207031
351.8999938964844
344.4700012207031
344.4700012207031
344.4700012207031
344.4700012207031
344.4700012207031
344.4700012207031
344.4700012207031
344.4700012207031
344.4700012207031
344.4700012207031
354.1000061035156
344.4700012207031
344.4700012207031
344.4700012207031
344.4700012207031
354.3299865722656
354.3299865722656
344.4700012207031
354.1000061035156
354.1000061035156
354.1000061035156
354.3299865722656
354.3299865722656
354.3299865722656
344.4700012207031
354.1000061035156
354.1000061035156
354.1000061035156
354.1000061035156
354.3299865722656
354.3299865722656
354.3299865722656
354.1000061035156
354.1000061035156
354.1000061035156
354.1000061035156
354.3299865722656
354.3299865722656
354.3299865722656
354.3299865722656
350.260009765625
350.260009765625
354.1000061035156
354.1000061035156
354.1000061035156
354.1000061035156
354.3299865722656
354.1000061035156
350.260009765625
354.1000061035156
354.1000061035156
354.3299865722656
354.3299865722656
354.1000061035156
354.1000061035156
350.260009765625
354.1000061035156
350.260009765625
354.1000061035156
352.7900085449219
352.7900085449219
352.7900085449219
352.8999938964844
352.7900085449219
352.8999938964844
352.8999938964844
352.8999938964844
352.8999938964844
352.8999938964844
353.6300048828125
353.6300048828125
354.3299865722656
354.3299865722656
352.8999938964844
354.3299865722656
354.3299865722656
354.3299865722656
354.1000061035156
354.1000061035156
340.6400146484375
340.6400146484375
340.6400146484375
340.6400146484375
340.6400146484375
340.6400146484375
340.6400146484375
340.6400146484375
340.6400146484375
340.6400146484375
340.6400146484375
340.6400146484375
340.6400146484375
340.6400146484375
340.6400146484375
340.6400146484375
340.6400146484375
340.6400146484375
340.6400146484375
340.6400146484375
340.6400146484375
340.6400146484375
340.6400146484375
340.6400146484375
340.6400146484375
340.6400146484375
340.6400146484375
340.6400146484375
340.6400146484375
340.6400146484375
344.4700012207031
344.4700012207031
344.4700012207031
344.4700012207031
344.4700012207031
344.4700012207031
344.4700012207031
344.4700012207031
344.4700012207031
344.4700012207031
344.4700012207031
344.4700012207031
344.4700012207031
344.4700012207031
344.4700012207031
344.4700012207031
344.4700012207031
344.4700012207031
344.4700012207031
344.4700012207031
344.4700012207031
344.4700012207031
344.4700012207031
344.4700012207031
344.4700012207031
344.4700012207031
344.4700012207031
350.260009765625
350.260009765625
350.260009765625
350.260009765625
350.260009765625
350.260009765625
350.260009765625
POINT_DATA 718
CELL_DATA 1305
SCALARS emission_angle float
LOOKUP_TABLE default
21.170000076293945
20.285999298095703
22.42799949645996
21.700000762939453
13.227999687194824
20.45400047302246
19.194000244140625
16.868999481201172
10.35099983215332
19.094999313354492
24.80299949645996
15.4350004196167
18.816999435424805
10.711000442504883
23.156999588012695
16.976999282836914
21.983999252319336
20.947999954223633
19.937000274658203
23.16200065612793
17.816999435424805
23.292999267578125
26.785999298095703
20.54800033569336
23.229000091552734
23.048999786376953
23.194000244140625
24.697999954223633
28.746999740600586
31.47800064086914
13.397000312805176
23.479000091552734
31.17099952697754
24.170000076293945
10.845999717712402
28.52199935913086
21.51300048828125
38.69599914550781
26.66900062561035
30.097999572753906
34.893001556396484
17.256000518798828
31.47800064086914
28.740999221801758
31.1200008392334
10.267999649047852
6.447000026702881
2.753999948501587
9.24899959564209
8.956000328063965
6.921000003814697
7.406000137329102
8.01099967956543
5.083000183105469
5.4070000648498535
19.371000289916992
14.086999893188477
15.211000442504883
2.7739999294281006
3.3010001182556152
5.0879998207092285
5.199999809265137
12.416999816894531
8.317000389099121
12.633999824523926
8.979000091552734
5.232999801635742
12.11299991607666
3.265000104904175
2.4210000038146973
18.009000778198242
10.848999977111816
9.347000122070312
8.781000137329102
11.605999946594238
24.0049991607666
23.04800033569336
26.027999877929688
9.651000022888184
18.483999252319336
11.508000373840332
19.492000579833984
20.27400016784668
7.815999984741211
19.34000015258789
6.484000205993652
7.77400016784668
14.725000381469727
17.70800018310547
19.74799919128418
30.490999221801758
21.641000747680664
27.132999420166016
21.200000762939453
35.779998779296875
22.45800018310547
20.944000244140625
28.45800018310547
27.641000747680664
28.643999099731445
29.076000213623047
24.006999969482422
36.7400016784668
21.878999710083008
22.018999099731445
20.072999954223633
17.69700050354004
23.739999771118164
22.3700008392334
15.972999572753906
15.211000442504883
14.020999908447266
16.05900001525879
20.24799919128418
25.89900016784668
10.135000228881836
18.790000915527344
31.757999420166016
23.746999740600586
26.315000534057617
24.16699981689453
26.618000030517578
20.393999099731445
22.131999969482422
32.595001220703125
10.996000289916992
18.26099967956543
25.121000289916992
18.34000015258789
18.700000762939453
30.8439998626709
31.43600082397461
11.687999725341797
18.812000274658203
28.101999282836914
24.16699981689453
16.711000442504883
10.666999816894531
11.623000144958496
16.799999237060547
10.982999801635742
25.44499969482422
31.492000579833984
38.5880012512207
32.10599899291992
25.922000885009766
29.77199935913086
13.208000183105469
13.173999786376953
8.571000099182129
8.055999755859375
41.27799987792969
32.45600128173828
31.930999755859375
4.139999866485596
10.970999717712402
8.902000427246094
24.9689998626709
23.785999298095703
26.7810001373291
3.3489999771118164
11.956999778747559
15.968000411987305
23.238000869750977
24.447999954223633
46.83700180053711
43.87699890136719
25.975000381469727
28.996999740600586
11.661999702453613
13.670999526977539
17.989999771118164
20.260000228881836
34.564998626708984
26.52400016784668
6.178999900817871
22.10700035095215
25.642000198364258
26.579999923706055
35.196998596191406
35.14500045776367
38.84400177001953
27.85300064086914
26.913999557495117
27.040000915527344
16.993999481201172
14.392999649047852
22.165000915527344
44.72800064086914
35.327999114990234
20.823999404907227
25.788999557495117
6.297999858856201
2.4130001068115234
26.569000244140625
33.46799850463867
28.738000869750977
24.158000946044922
22.94700050354004
34.11800003051758
47.80799865722656
48.57899856567383
39.619998931884766
22.136999130249023
15.104000091552734
21.22800064086914
26.75200080871582
30.864999771118164
25.273000717163086
4.934999942779541
1.625
16.267000198364258
19.597000122070312
26.874000549316406
23.54400062561035
36.67499923706055
45.75299835205078
17.816999435424805
17.104999542236328
32.14400100708008
31.801000595092773
36.45800018310547
26.070999145507812
18.47100067138672
34.74700164794922
43.05099868774414
32.62300109863281
43.04899978637695
11.256999969482422
25.104000091552734
19.898000717163086
22.50200080871582
34.79999923706055
42.47600173950195
42.209999084472656
40.39799880981445
25.957000732421875
27.461999893188477
26.590999603271484
25.905000686645508
33.33000183105469
31.222000122070312
28.332000732421875
29.517000198364258
23.676000595092773
33.85900115966797
33.82699966430664
38.47600173950195
51.91899871826172
53.297000885009766
43.60300064086914
14.123000144958496
30.704999923706055
24.27899932861328
46.327999114990234
32.4370002746582
30.006000518798828
24.398000717163086
21.64900016784668
29.374000549316406
30.384000778198242
34.2869987487793
32.58700180053711
49.676998138427734
56.292999267578125
32.31399917602539
32.79600143432617
17.41200065612793
30.940000534057617
30.535999298095703
36.62699890136719
38.07400131225586
42.15299987792969
41.56800079345703
35.7400016784668
35.72100067138672
40.5
48.584999084472656
17.43400001525879
26.30900001525879
30.35300064086914
34.44200134277344
39.07400131225586
17.236000061035156
26.312000274658203
33.18000030517578
27.761999130249023
36.65800094604492
34.35200119018555
31.75200080871582
38.665000915527344
35.41999816894531
24.729999542236328
35.17599868774414
33.185001373291016
28.884000778198242
25.743000030517578
29.437999725341797
34.979000091552734
36.13800048828125
30.124000549316406
29.488000869750977
39.42900085449219
40.92900085449219
36.75400161743164
29.013999938964844
38.12799835205078
34.130001068115234
33.04100036621094
3.9010000228881836
22.368000030517578
7.724999904632568
24.190000534057617
6.769999980926514
2.7109999656677246
16.35700035095215
6.60099983215332
13.46399974822998
18.618999481201172
13.618000030517578
29.197999954223633
23.708999633789062
18.922000885009766
11.873000144958496
15.74899959564209
34.513999938964844
34.242000579833984
35.21099853515625
28.895000457763672
27.26300048828125
24.389999389648438
22.017000198364258
15.125
50.709999084472656
38.792999267578125
31.457000732421875
25.388999938964844
25.899999618530273
19.111000061035156
17.07900047302246
46.64400100708008
54.54800033569336
35.7400016784668
40.50199890136719
33.68600082397461
46.4379997253418
25.125999450683594
17.542999267578125
13.77400016784668
13.979000091552734
42.29800033569336
35.39899826049805
44.132999420166016
47.56100082397461
9.951000213623047
13.243000030517578
9.979000091552734
9.994000434875488
38.27199935913086
40.51599884033203
10.140999794006348
8.928999900817871
4.190999984741211
7.940000057220459
49.23400115966797
31.010000228881836
24.724000930786133
42.64400100708008
36.880001068115234
32.37099838256836
36.637001037597656
3.253000020980835
7.426000118255615
33.6349983215332
45.17300033569336
29.731000900268555
38.887001037597656
9.307999610900879
34.895999908447266
43.207000732421875
39.564998626708984
39.832000732421875
34.9739990234375
34.472999572753906
29.702999114990234
29.607999801635742
29.28499984741211
12.331000328063965
26.642000198364258
4.750999927520752
13.555000305175781
11.258000373840332
10.097000122070312
35.88399887084961
31.52400016784668
28.156999588012695
30.12700080871582
35.9010009765625
33.426998138427734
8.428999900817871
24.99799919128418
25.67300033569336
34.792999267578125
19.763999938964844
33.93299865722656
32.09400177001953
16.160999298095703
13.47599983215332
8.753999710083008
24.34000015258789
24.04400062561035
25.739999771118164
23.216999053955078
30.98699951171875
30.57200050354004
35.180999755859375
32.106998443603516
33.499000549316406
29.82200050354004
21.045000076293945
30.67099952697754
35.38199996948242
30.201000213623047
28.67099952697754
34.34199905395508
33.80799865722656
37.525001525878906
27.158000946044922
15.045000076293945
17.56399917602539
23.691999435424805
18.243000030517578
31.570999145507812
32.43899917602539
25.22599983215332
25.308000564575195
25.56999969482422
23.054000854492188
28.341999053955078
28.017000198364258
28.733999252319336
30.381000518798828
34.55699920654297
28.111000061035156
26.402000427246094
26.95599937438965
25.18199920654297
29.878999710083008
25.006000518798828
39.53300094604492
34.678001403808594
37.05500030517578
20.70199966430664
32.542999267578125
21.908000946044922
29.319000244140625
35.965999603271484
26.500999450683594
26.08099937438965
25.79599952697754
33.994998931884766
35.82400131225586
38.01300048828125
22.363000869750977
38.395999908447266
38.27799987792969
30.047000885009766
22.517000198364258
32.284000396728516
33.143001556396484
22.48900032043457
24.937999725341797
20.64299964904785
25.972999572753906
35.70100021362305
34.41899871826172
35.45199966430664
25.659000396728516
30.18899917602539
33.5099983215332
28.301000595092773
36.755001068115234
31.74799919128418
39.53799819946289
16.399999618530273
23.41200065612793
25.929000854492188
20.764999389648438
32.082000732421875
28.076000213623047
36.76300048828125
41.80799865722656
30.10099983215332
17.229000091552734
24.684999465942383
17.27199935913086
29.91699981689453
41.034000396728516
27.672000885009766
25.117000579833984
28.35700035095215
19.680999755859375
24.73900032043457
27.604000091552734
24.385000228881836
32.66400146484375
42.9370002746582
43.85100173950195
24.790000915527344
28.187000274658203
29.375999450683594
17.16200065612793
16.191999435424805
6.014999866485596
9.581000328063965
18.989999771118164
19.465999603271484
24.893999099731445
28.743999481201172
39.316001892089844
32.790000915527344
26.381000518798828
25.761999130249023
26.909000396728516
25.375999450683594
26.148000717163086
28.941999435424805
18.076000213623047
5.5320000648498535
16.6299991607666
21.670000076293945
36.30799865722656
32.78499984741211
27.756999969482422
28.93199920654297
5.997000217437744
27.9689998626709
40.95199966430664
26.777000427246094
22.30699920654297
28.930999755859375
26.819000244140625
21.229000091552734
14.682999610900879
15.229000091552734
19.701000213623047
17.20599937438965
14.444999694824219
20.930999755859375
23.165000915527344
21.7810001373291
21.415000915527344
26.625999450683594
28.441999435424805
6.699999809265137
17.319000244140625
41.827999114990234
19.30299949645996
23.275999069213867
20.451000213623047
29.20599937438965
28.51099967956543
17.006999969482422
11.746999740600586
2.759000062942505
6.605999946594238
13.406999588012695
13.79699993133545
26.41699981689453
22.468000411987305
17.773000717163086
16.94300079345703
28.44499969482422
6.510000228881836
9.881999969482422
15.062999725341797
24.422000885009766
27.12700080871582
27.395999908447266
30.986000061035156
10.342000007629395
7.304999828338623
4.123000144958496
10.29800033569336
23.16200065612793
19.18400001525879
33.57899856567383
25.816999435424805
14.340999603271484
13.00100040435791
12.789999961853027
7.2779998779296875
7.47599983215332
6.35699987411499
22.305999755859375
26.674999237060547
26.844999313354492
29.761999130249023
8.418000221252441
4.947000026702881
21.958999633789062
19.54199981689453
20.023000717163086
14.178999900817871
3.4230000972747803
21.28499984741211
26.892000198364258
17.606000900268555
5.831999778747559
7.5980000495910645
9.942000389099121
5.014999866485596
3.8589999675750732
21.097000122070312
22.273000717163086
18.820999145507812
10.284000396728516
15.359999656677246
25.08300018310547
18.70599937438965
11.444000244140625
20.577999114990234
11.131999969482422
23.434999465942383
10.324999809265137
20.031999588012695
11.88599967956543
21.450000762939453
13.63700008392334
10.53499984741211
8.375
15.614999771118164
20.833999633789062
28.327999114990234
23.8799991607666
22.354000091552734
20.160999298095703
17.535999298095703
13.246000289916992
12.642000198364258
4.84499979019165
5.315999984741211
10.916000366210938
10.6899995803833
22.145999908447266
21.03700065612793
15.28600025177002
11.932000160217285
21.594999313354492
19.256000518798828
4.629000186920166
17.639999389648438
11.39900016784668
9.168000221252441
11.354999542236328
22.639999389648438
22.34000015258789
28.437999725341797
9.630999565124512
11.819000244140625
4.123000144958496
12.531000137329102
13.45199966430664
11.717000007629395
32.185001373291016
16.2450008392334
20.648000717163086
28.148000717163086
17.94700050354004
27.683000564575195
10.031000137329102
12.175000190734863
10.388999938964844
13.366999626159668
18.44700050354004
25.65999984741211
15.61400032043457
18.656999588012695
31.67300033569336
24.413000106811523
15.395000457763672
22.06100082397461
15.61400032043457
23.357999801635742
21.14699935913086
24.516000747680664
15.609999656677246
15.53499984741211
17.07900047302246
31.847000122070312
22.06599998474121
31.132999420166016
22.058000564575195
26.98200035095215
23.530000686645508
22.073999404907227
29.042999267578125
14.593000411987305
22.00200080871582
23.694000244140625
36.24599838256836
33.94200134277344
33.125
36.33100128173828
27.083999633789062
33.527000427246094
42.04499816894531
34.95800018310547
38.54499816894531
28.658000946044922
22.558000564575195
25.53499984741211
26.823999404907227
33.18899917602539
21.166000366210938
25.393999099731445
30.733999252319336
24.277999877929688
27.084999084472656
31.996999740600586
16.138999938964844
21.256000518798828
17.48900032043457
30.680999755859375
36.80799865722656
37.80799865722656
32.51300048828125
28.966999053955078
31.458999633789062
13.928999900817871
15.942999839782715
29.225000381469727
28.273000717163086
31.43400001525879
29.075000762939453
26.506999969482422
29.731000900268555
37.63999938964844
10.878000259399414
8.276000022888184
24.22599983215332
24.219999313354492
26.052000045776367
12.538999557495117
6.565999984741211
6.627999782562256
30.325000762939453
24.20199966430664
30.42799949645996
27.27199935913086
36.45800018310547
35.18000030517578
20.214000701904297
19.058000564575195
13.121000289916992
7.839000225067139
17.902000427246094
19.89900016784668
19.584999084472656
20.375999450683594
25.788999557495117
7.059000015258789
3.7720000743865967
6.730999946594238
28.065000534057617
26.73900032043457
9.34000015258789
21.958999633789062
25.423999786376953
18.722999572753906
40.32600021362305
9.20300006866455
12.222999572753906
23.327999114990234
23.62299919128418
21.684999465942383
5.4730000495910645
3.2739999294281006
5.228000164031982
11.232999801635742
7.76800012588501
6.718999862670898
23.070999145507812
31.163000106811523
41.35300064086914
17.65399932861328
5.9079999923706055
5.818999767303467
14.538999557495117
6.9679999351501465
13.121000289916992
18.233999252319336
21.472999572753906
21.738000869750977
30.469999313354492
21.490999221801758
17.263999938964844
13.961999893188477
11.265000343322754
18.354999542236328
14.456999778747559
44.46900177001953
40.59600067138672
23.347999572753906
6.372000217437744
11.119999885559082
7.418000221252441
5.875999927520752
15.920999526977539
13.40999984741211
18.500999450683594
16.608999252319336
43.13600158691406
29.989999771118164
6.482999801635742
7.544000148773193
5.21999979019165
14.378000259399414
13.50100040435791
12.609000205993652
36.58599853515625
4.415999889373779
11.840999603271484
32.4119987487793
22.738000869750977
14.6850004196167
11.244000434875488
18.31999969482422
21.815000534057617
9.685999870300293
11.935999870300293
11.670000076293945
6.077000141143799
36.31100082397461
8.503000259399414
8.48900032043457
15.649999618530273
14.376999855041504
27.389999389648438
12.866000175476074
27.21299934387207
7.578999996185303
20.010000228881836
18.90399932861328
37.2239990234375
18.29599952697754
32.095001220703125
15.142999649047852
14.71500015258789
16.768999099731445
6.409999847412109
8.772000312805176
8.093999862670898
5.041999816894531
9.472999572753906
12.154999732971191
12.388999938964844
24.459999084472656
30.93899917602539
25.586999893188477
21.496000289916992
21.152999877929688
14.17199993133545
13.97700023651123
19.868000030517578
15.055000305175781
15.64900016784668
12.168000221252441
11.119999885559082
5.7769999504089355
4.921000003814697
8.446999549865723
8.156000137329102
7.979000091552734
9.25100040435791
17.718000411987305
12.506999969482422
15.958000183105469
13.501999855041504
11.996999740600586
11.680999755859375
22.759000778198242
21.072999954223633
25.152999877929688
30.075000762939453
32.790000915527344
31.656999588012695
23.691999435424805
18.33300018310547
14.53600025177002
20.381999969482422
19.993000030517578
25.39900016784668
25.388999938964844
31.010000228881836
26.054000854492188
21.253999710083008
21.554000854492188
19.400999069213867
15.359999656677246
16.628000259399414
20.518999099731445
16.67799949645996
15.72599983215332
8.29800033569336
11.916000366210938
7.3429999351501465
11.081000328063965
11.37399959564209
8.890999794006348
2.98799991607666
44.441001892089844
32.47800064086914
49.327999114990234
31.621999740600586
52.016998291015625
51.64899826049805
64.97100067138672
57.356998443603516
50.7599983215332
42.797000885009766
63.58100128173828
39.869998931884766
35.987998962402344
55.18899917602539
68.2020034790039
46.68600082397461
45.22100067138672
54.676998138427734
63.10900115966797
62.08100128173828
56.7859992980957
53.17900085449219
42.03799819946289
44.5620002746582
53.28799819946289
53.80099868774414
51.71799850463867
46.880001068115234
50.683998107910156
36.356998443603516
52.5890007019043
33.275001525878906
42.79499816894531
27.899999618530273
44.808998107910156
44.2599983215332
51.52299880981445
41.9010009765625
34.053001403808594
28.354000091552734
44.49700164794922
44.21799850463867
45.612998962402344
46.81800079345703
42.38199996948242
43.22200012207031
34.71699905395508
39.672000885009766
34.755001068115234
46.60900115966797
45.676998138427734
38.37200164794922
38.150001525878906
31.202999114990234
38.36800003051758
45.858001708984375
46.9119987487793
53.39500045776367
45.611000061035156
36.731998443603516
40.4640007019043
33.00299835205078
43.74399948120117
30.97100067138672
33.46099853515625
39.74599838256836
40.558998107910156
33.86899948120117
29.06999969482422
44.29999923706055
53.0260009765625
46.069000244140625
43.60100173950195
58.119998931884766
57.775001525878906
49.35900115966797
45.624000549316406
39.9640007019043
46.816001892089844
47.930999755859375
43.191001892089844
41.154998779296875
61.465999603271484
37.400001525878906
32.904998779296875
35.099998474121094
25.469999313354492
33.38199996948242
38.59199905395508
47.652000427246094
23.99799919128418
39.178001403808594
57.39099884033203
55.29199981689453
43.724998474121094
43.93899917602539
41.39799880981445
44.54999923706055
26.55900001525879
29.538999557495117
63.43299865722656
59.02299880981445
47.07699966430664
38.604000091552734
41.680999755859375
44.30699920654297
35.1510009765625
26.034000396728516
22.43000030517578
52.90999984741211
52.21699905395508
57.98699951171875
57.75299835205078
46.069000244140625
38.26599884033203
56.53499984741211
56.7859992980957
48.56999969482422
50.53499984741211
63.78499984741211
63.457000732421875
59.50199890136719
53.74100112915039
46.19900131225586
39.61199951171875
59.75899887084961
34.65999984741211
36.19300079345703
59.0629997253418
59.301998138427734
36.21799850463867
48.33399963378906
48.79100036621094
48.777000427246094
40.321998596191406
47.90299987792969
55.25899887084961
45.388999938964844
59.358001708984375
48.07899856567383
61.10599899291992
52.70399856567383
71.68499755859375
60.178001403808594
61.257999420166016
54.78900146484375
59.97800064086914
57.3390007019043
61.040000915527344
62.933998107910156
54.20800018310547
51.99100112915039
52.26900100708008
45.742000579833984
48.494998931884766
52.555999755859375
43.20199966430664
39.60900115966797
29.00200080871582
28.69300079345703
32.9900016784668
17.06599998474121
10.82699966430664
15.107000350952148
16.499000549316406
9.940999984741211
14.484999656677246
20.729999542236328
14.98900032043457
16.927000045776367
13.255000114440918
15.303000450134277
13.932999610900879
21.035999298095703
12.807000160217285
13.947999954223633
5.081999778747559
6.038000106811523
4.888999938964844
5.052999973297119
9.572999954223633
16.066999435424805
13.979999542236328
13.017000198364258
4.515999794006348
1.9839999675750732
8.85200023651123
0.8600000143051147
9.350000381469727
11.342000007629395
10.786999702453613
10.989999771118164
14.805999755859375
15.909000396728516
15.112000465393066
13.253000259399414
11.347000122070312
14.420000076293945
17.81800079345703
13.13700008392334
9.895999908447266
4.6570000648498535
7.39900016784668
4.25600004196167
6.436999797821045
7.793000221252441
17.885000228881836
14.157999992370605
18.920000076293945
17.288999557495117
20.698999404907227
26.72800064086914
39.01900100708008
39.3390007019043
43.04800033569336
43.180999755859375
43.402000427246094
43.284000396728516
43.34299850463867
41.75600051879883
45.93600082397461
43.55799865722656
42.277000427246094
29.861000061035156
44.87699890136719
55.422000885009766
49.7869987487793
47.50400161743164
38.55099868774414
54.50400161743164
22.3799991607666
47.470001220703125
17.937999725341797
27.024999618530273
20.77199935913086
37.37799835205078
33.50699996948242
33.106998443603516
23.444000244140625
24.035999298095703
31.02899932861328
31.165000915527344
20.898000717163086
22.617000579833984
23.031999588012695
30.083999633789062
23.514999389648438
23.98699951171875
29.874000549316406
29.457000732421875
29.492000579833984
28.608999252319336
29.513999938964844
38.229000091552734
31.67300033569336
34.89699935913086
30.190000534057617
31.594999313354492
34.018001556396484
30.63599967956543
27.100000381469727
22.665000915527344
22.006999969482422
26.11400032043457
31.259000778198242
27.141000747680664
4.038000106811523
3.3389999866485596
21.93600082397461
15.190999984741211
13.887999534606934
16.7450008392334
9.267999649047852
7.796000003814697
10.494999885559082
21.812999725341797
17.30299949645996
8.20300006866455
14.435999870300293
8.369999885559082
11.890000343322754
9.753999710083008
13.527999877929688
14.95300006866455
11.991999626159668
15.343999862670898
19.30900001525879
8.607000350952148
12.217000007629395
7.909999847412109
8.668000221252441
15.82800006866455
22.773000717163086
18.26099967956543
8.902999877929688
5.732999801635742
1.2680000066757202
7.099999904632568
10.182999610900879
15.732000350952148
11.57800006866455
6.10099983215332
9.82699966430664
3.9800000190734863
13.687000274658203
5.172999858856201
13.871000289916992
13.61299991607666
10.76099967956543
7.85099983215332
23.732999801635742
23.79400062561035
23.097999572753906
23.70400047302246
13.359000205993652
16.065000534057617
23.833999633789062
22.333999633789062
19.875
16.472000122070312
11.395000457763672
10.920999526977539
11.107000350952148
15.017000198364258
16.049999237060547
12.95199966430664
14.071999549865723
3.7200000286102295
19.780000686645508
14.057999610900879
43.5099983215332
41.38399887084961
43.70800018310547
42.91999816894531
41.92399978637695
47.2760009765625
48.66699981689453
50.72200012207031
55.584999084472656
49.50199890136719
46.98099899291992
43.96099853515625
32.814998626708984
46.689998626708984
43.28799819946289
50.71699905395508
51.566001892089844
54.24800109863281
41.28300094604492
64.97200012207031
49.23500061035156
47.24599838256836
49.821998596191406
52.930999755859375
46.05400085449219
36.055999755859375
39.14899826049805
44.10499954223633
35.39500045776367
39.72100067138672
37.582000732421875
35.71799850463867
33.13199996948242
37.909000396728516
41.0620002746582
43.0880012512207
40.44599914550781
34.558998107910156
44.86399841308594
32.33100128173828
32.981998443603516
37.73699951171875
34.422000885009766
31.08799934387207
42.82600021362305
37.814998626708984
31.430999755859375
30.410999298095703
27.302000045776367
26.893999099731445
26.88800048828125
28.86400032043457
18.27899932861328
18.091999053955078
19.384000778198242
19.600000381469727
17.9950008392334
14.152999877929688
17.945999145507812
17.2549991607666
15.196000099182129
14.515999794006348
9.482000350952148
9.539999961853027
POINT_DATA 718
CELL_DATA 1305
SCALARS incidence_angle float
LOOKUP_TABLE default
18.058000564575195
13.279999732971191
19.92799949645996
23.614999771118164
15.642999649047852
21.027000427246094
21.93600082397461
19.297000885009766
17.753999710083008
20.19700050354004
13.149999618530273
12.98799991607666
15.559000015258789
16.305999755859375
22.957000732421875
18.01300048828125
22.333999633789062
18.84600067138672
18.645999908447266
19.58099937438965
17.033000946044922
17.136999130249023
20.25
22.142000198364258
14.446000099182129
25.660999298095703
19.55500030517578
16.6299991607666
21.29599952697754
26.965999603271484
16.801000595092773
14.640999794006348
27.4950008392334
22.042999267578125
12.196000099182129
29.06599998474121
23.614999771118164
36.27199935913086
26.788000106811523
28.12299919128418
32.50899887084961
22.030000686645508
24.878000259399414
20.71500015258789
26.975000381469727
9.241999626159668
8.593999862670898
12.434000015258789
9.911999702453613
11.354000091552734
5.060999870300293
4.585999965667725
7.267000198364258
9.02299976348877
6.855999946594238
22.082000732421875
20.84000015258789
21.58099937438965
11.140999794006348
12.645000457763672
16.667999267578125
16.684999465942383
13.89900016784668
19.594999313354492
16.070999145507812
15.970000267028809
13.461000442504883
15.527000427246094
11.748000144958496
13.307000160217285
24.163000106811523
3.4240000247955322
3.9100000858306885
18.05299949645996
16.944000244140625
30.285999298095703
29.71299934387207
32.29199981689453
4.939000129699707
18.007999420166016
13.595999717712402
27.238000869750977
27.332000732421875
4.86899995803833
23.457000732421875
15.894000053405762
16.142000198364258
17.67300033569336
16.284000396728516
24.30699920654297
36.569000244140625
27.375
27.240999221801758
23.01099967956543
40.111000061035156
29.517000198364258
24.871000289916992
31.141000747680664
31.077999114990234
32.584999084472656
40.367000579833984
26.027000427246094
39.1609992980957
33.422000885009766
33.47700119018555
24.65399932861328
22.121999740600586
25.97800064086914
34.0
27.430999755859375
26.954999923706055
21.732999801635742
20.785999298095703
21.48200035095215
29.361000061035156
19.969999313354492
20.145000457763672
33.63800048828125
27.433000564575195
26.3799991607666
24.506000518798828
29.44700050354004
22.41200065612793
23.8799991607666
33.04999923706055
22.802000045776367
23.141000747680664
28.71299934387207
22.820999145507812
13.920000076293945
33.26499938964844
33.611000061035156
23.44499969482422
13.86400032043457
27.12299919128418
27.89299964904785
26.940000534057617
22.483999252319336
21.486000061035156
23.92799949645996
11.041999816894531
21.045000076293945
26.68600082397461
36.237998962402344
32.439998626708984
28.224000930786133
33.59299850463867
20.55500030517578
20.530000686645508
19.246999740600586
14.899999618530273
37.847999572753906
32.04199981689453
31.996000289916992
15.246000289916992
21.39699935913086
19.726999282836914
28.604000091552734
28.44700050354004
27.950000762939453
9.446000099182129
19.41699981689453
27.009000778198242
33.222999572753906
31.52199935913086
45.29800033569336
43.73500061035156
27.000999450683594
30.636999130249023
13.449999809265137
14.428999900817871
19.44700050354004
29.590999603271484
36.632999420166016
28.50200080871582
14.713000297546387
26.649999618530273
34.04999923706055
36.821998596191406
42.16699981689453
41.744998931884766
38.981998443603516
27.718000411987305
28.131999969482422
28.2189998626709
22.23699951171875
19.70599937438965
26.334999084472656
46.525001525878906
37.507999420166016
21.66699981689453
24.57900047302246
11.949999809265137
14.020999908447266
31.86400032043457
38.332000732421875
32.65399932861328
23.325000762939453
28.999000549316406
40.71200180053711
49.814998626708984
50.34700012207031
42.52199935913086
25.820999145507812
20.520000457763672
20.21299934387207
22.297000885009766
29.54199981689453
27.746999740600586
11.295000076293945
13.392000198364258
22.010000228881836
23.829999923706055
31.128999710083008
29.68400001525879
41.19200134277344
50.48400115966797
26.2189998626709
17.197999954223633
34.04999923706055
34.481998443603516
40.94900131225586
31.163000106811523
26.929000854492188
31.823999404907227
39.77899932861328
33.62699890136719
44.08000183105469
16.41900062561035
26.503000259399414
25.332000732421875
26.121999740600586
36.30500030517578
45.736000061035156
46.32600021362305
44.97600173950195
31.285999298095703
36.928001403808594
34.3380012512207
31.56999969482422
36.29199981689453
32.67399978637695
31.624000549316406
35.72100067138672
31.093000411987305
43.13100051879883
43.106998443603516
41.53099822998047
51.775001525878906
53.236000061035156
44.834999084472656
14.901000022888184
32.62799835205078
25.51300048828125
47.42900085449219
35.54899978637695
28.045000076293945
25.066999435424805
27.83300018310547
33.25400161743164
37.89799880981445
41.42599868774414
40.02799987792969
55.91699981689453
60.308998107910156
35.349998474121094
37.85200119018555
18.538000106811523
28.200000762939453
34.37900161743164
39.055999755859375
39.95600128173828
43.46799850463867
44.21500015258789
40.52000045776367
40.694000244140625
49.5880012512207
56.0260009765625
21.73699951171875
25.93600082397461
33.540000915527344
41.49800109863281
46.180999755859375
22.02199935913086
25.916000366210938
30.23200035095215
28.450000762939453
36.86800003051758
34.65599822998047
35.17300033569336
46.361000061035156
41.98899841308594
26.506999969482422
36.255001068115234
33.36899948120117
32.63399887084961
30.027000427246094
30.160999298095703
34.316001892089844
37.382999420166016
34.41400146484375
31.503999710083008
39.37099838256836
40.7859992980957
38.36199951171875
30.086000442504883
38.784000396728516
35.47700119018555
34.70800018310547
15.850000381469727
33.33700180053711
19.645000457763672
35.23500061035156
13.413999557495117
11.515000343322754
23.131999969482422
11.36299991607666
16.822999954223633
24.81800079345703
16.851999282836914
35.22999954223633
30.43600082397461
18.736000061035156
9.300999641418457
13.491999626159668
40.979000091552734
27.797000885009766
30.785999298095703
29.20800018310547
36.051998138427734
12.630999565124512
11.730999946594238
13.526000022888184
60.96900177001953
38.965999603271484
27.30500030517578
13.727999687194824
13.937000274658203
7.611000061035156
8.086000442504883
44.70800018310547
51.459999084472656
39.09700012207031
48.172000885009766
38.72700119018555
45.95199966430664
30.084999084472656
18.841999053955078
12.753000259399414
2.246000051498413
44.14799880981445
42.58700180053711
48.220001220703125
47.566001892089844
9.970000267028809
4.019999980926514
2.9560000896453857
3.249000072479248
42.23699951171875
46.263999938964844
10.237000465393066
6.494999885559082
13.876999855041504
5.995999813079834
51.861000061035156
34.16400146484375
28.055999755859375
45.17300033569336
38.43299865722656
34.1349983215332
38.25699996948242
12.116000175476074
10.11400032043457
37.025001525878906
48.18000030517578
29.31399917602539
44.09000015258789
19.476999282836914
40.41299819946289
45.893001556396484
43.02199935913086
42.93199920654297
33.555999755859375
34.35300064086914
27.10700035095215
29.402000427246094
36.0629997253418
22.003999710083008
35.270999908447266
16.371999740600586
13.789999961853027
12.373000144958496
11.265000343322754
38.13199996948242
33.2239990234375
28.81800079345703
29.95800018310547
38.452999114990234
35.74599838256836
8.737000465393066
25.173999786376953
27.320999145507812
34.630001068115234
24.569000244140625
36.02899932861328
32.65999984741211
19.867000579833984
13.795999526977539
7.855000019073486
29.3439998626709
23.45800018310547
27.35300064086914
28.474000930786133
31.38800048828125
31.229999542236328
34.691001892089844
31.285999298095703
33.70800018310547
29.29199981689453
22.03499984741211
31.575000762939453
33.23899841308594
29.134000778198242
27.433000564575195
32.895999908447266
32.30400085449219
37.81399917602539
27.926000595092773
23.08099937438965
21.341999053955078
24.975000381469727
21.874000549316406
30.632999420166016
31.400999069213867
23.94499969482422
24.01099967956543
31.358999252319336
28.183000564575195
33.58599853515625
30.47100067138672
30.97800064086914
31.30900001525879
33.31399917602539
34.71900177001953
33.80400085449219
33.36800003051758
26.81100082397461
28.514999389648438
26.573999404907227
37.882999420166016
33.83599853515625
37.19599914550781
31.256999969482422
40.28300094604492
27.218000411987305
34.474998474121094
33.87900161743164
34.37200164794922
35.89799880981445
29.363000869750977
34.685001373291016
34.569000244140625
35.874000549316406
31.572999954223633
35.49300003051758
35.45600128173828
32.222999572753906
25.275999069213867
29.979000091552734
41.90999984741211
25.284000396728516
31.613000869750977
30.83300018310547
35.768001556396484
43.94900131225586
43.196998596191406
43.17499923706055
35.534000396728516
38.917999267578125
43.08599853515625
27.22800064086914
36.40599822998047
29.743999481201172
37.84000015258789
23.30299949645996
30.354999542236328
35.42599868774414
30.325000762939453
33.04899978637695
28.766000747680664
36.36199951171875
40.672000885009766
32.928001403808594
24.47599983215332
34.49700164794922
28.086999893188477
37.979000091552734
41.62300109863281
28.599000930786133
28.44700050354004
29.28700065612793
26.302000045776367
33.72100067138672
35.20000076293945
34.88800048828125
34.125
43.15800094604492
44.111000061035156
35.70800018310547
35.762001037597656
37.81399917602539
17.736000061035156
16.700000762939453
16.826000213623047
19.216999053955078
29.714000701904297
28.92799949645996
35.888999938964844
30.74799919128418
41.27199935913086
31.246999740600586
24.173999786376953
35.06800079345703
35.72800064086914
36.367000579833984
36.42599868774414
30.940000534057617
19.878999710083008
16.20599937438965
19.940000534057617
33.08399963378906
36.50299835205078
31.610000610351562
35.01300048828125
37.374000549316406
17.065000534057617
25.240999221801758
38.22800064086914
33.069000244140625
20.329999923706055
31.71500015258789
31.266000747680664
26.82200050354004
23.81100082397461
26.20599937438965
30.079999923706055
28.2450008392334
25.70599937438965
21.26099967956543
30.898000717163086
31.670000076293945
30.756000518798828
32.91600036621094
28.850000381469727
18.344999313354492
28.009000778198242
39.599998474121094
29.05699920654297
29.679000854492188
29.357999801635742
37.375999450683594
29.8799991607666
18.95800018310547
16.04199981689453
14.645000457763672
14.413000106811523
20.974000930786133
21.320999145507812
32.63199996948242
30.591999053955078
18.9950008392334
17.882999420166016
29.833999633789062
14.527999877929688
15.17199993133545
21.933000564575195
30.94300079345703
33.71200180053711
35.04199981689453
32.150001525878906
14.074000358581543
17.867000579833984
16.009000778198242
13.444999694824219
31.082000732421875
28.945999145507812
32.70000076293945
23.98200035095215
14.628000259399414
12.52400016784668
7.685999870300293
14.831999778747559
13.406999588012695
12.555000305175781
27.900999069213867
34.191001892089844
34.2760009765625
24.38800048828125
14.795999526977539
15.520000457763672
29.424999237060547
26.367000579833984
26.722999572753906
19.420000076293945
14.880000114440918
19.483999252319336
24.55699920654297
18.42099952697754
15.373000144958496
16.64900016784668
19.33300018310547
15.972000122070312
8.026000022888184
24.93400001525879
26.201000213623047
25.31399917602539
16.533000946044922
22.31599998474121
29.934999465942383
25.027999877929688
9.819999694824219
15.555999755859375
20.44099998474121
26.764999389648438
16.01799964904785
23.775999069213867
17.093000411987305
17.77199935913086
14.335000038146973
17.87299919128418
13.852999687194824
22.857999801635742
21.708999633789062
26.98699951171875
24.94099998474121
20.839000701904297
23.878999710083008
13.984999656677246
2.318000078201294
7.686999797821045
7.638999938964844
9.845000267028809
15.609999656677246
19.476999282836914
23.9950008392334
21.72800064086914
19.145999908447266
17.687999725341797
23.90999984741211
18.391000747680664
10.446999549865723
16.079999923706055
3.0920000076293945
10.081999778747559
15.602999687194824
23.253000259399414
19.062999725341797
24.868000030517578
14.163000106811523
1.940000057220459
8.050000190734863
3.4839999675750732
9.60200023651123
6.309999942779541
27.575000762939453
17.941999435424805
20.218000411987305
26.884000778198242
11.366000175476074
22.054000854492188
19.48900032043457
17.961000442504883
3.316999912261963
7.8420000076293945
8.553000450134277
14.187000274658203
6.7170000076293945
8.944999694824219
27.97100067138672
24.006999969482422
9.817000389099121
17.76799964904785
13.918999671936035
14.800000190734863
12.211000442504883
12.98799991607666
6.800000190734863
6.734000205993652
12.550999641418457
26.22599983215332
20.558000564575195
26.527999877929688
16.108999252319336
22.347000122070312
19.341999053955078
17.018999099731445
25.476999282836914
11.751999855041504
17.76300048828125
12.923999786376953
27.11400032043457
24.927000045776367
22.65399932861328
27.68600082397461
19.461999893188477
23.261999130249023
30.211000442504883
25.452999114990234
26.76799964904785
16.94099998474121
11.97700023651123
15.621000289916992
18.448999404907227
23.922000885009766
17.53700065612793
17.371999740600586
24.04800033569336
23.100000381469727
21.761999130249023
26.351999282836914
11.440999984741211
10.826000213623047
5.697000026702881
19.090999603271484
25.42799949645996
25.965999603271484
20.90999984741211
17.849000930786133
20.89299964904785
10.734000205993652
12.729000091552734
22.895000457763672
18.525999069213867
24.225000381469727
22.78499984741211
19.64900016784668
24.10300064086914
34.10300064086914
12.82800006866455
10.86299991607666
23.159000396728516
13.057000160217285
15.190999984741211
11.899999618530273
6.710000038146973
5.243000030517578
22.922000885009766
17.645000457763672
25.43600082397461
20.858999252319336
33.02799987792969
33.08000183105469
12.045000076293945
20.884000778198242
16.44099998474121
9.031000137329102
6.109000205993652
12.914999961853027
13.927000045776367
19.040000915527344
22.429000854492188
15.347999572753906
13.319000244140625
13.083999633789062
18.909000396728516
17.485000610351562
8.967000007629395
22.885000228881836
24.67300033569336
16.94700050354004
38.04499816894531
6.059999942779541
9.159000396728516
16.371000289916992
15.664999961853027
13.21399974822998
12.71399974822998
15.057000160217285
14.781000137329102
16.325000762939453
11.744000434875488
10.821999549865723
15.404000282287598
32.58300018310547
40.64699935913086
15.789999961853027
8.82800006866455
9.482999801635742
20.256000518798828
12.208999633789062
19.825000762939453
17.746000289916992
21.726999282836914
21.898000717163086
33.643001556396484
26.65999984741211
26.05900001525879
23.395999908447266
13.260000228881836
21.299999237060547
20.299999237060547
44.654998779296875
41.13199996948242
28.34000015258789
15.623000144958496
13.331999778747559
11.013999938964844
6.098999977111816
23.91699981689453
23.190000534057617
27.632999420166016
20.207000732421875
45.45399856567383
33.12799835205078
13.527000427246094
9.614999771118164
8.795999526977539
17.340999603271484
21.65399932861328
21.93400001525879
37.1150016784668
12.920999526977539
16.516000747680664
34.89699935913086
26.18000030517578
21.007999420166016
17.75
26.76300048828125
29.575000762939453
19.159000396728516
21.305999755859375
17.277999877929688
15.718999862670898
35.64099884033203
17.45199966430664
17.44300079345703
24.110000610351562
22.658000946044922
29.599000930786133
21.086999893188477
28.024999618530273
10.293999671936035
16.224000930786133
18.150999069213867
35.152000427246094
15.76200008392334
32.1150016784668
16.50200080871582
16.232999801635742
21.73699951171875
10.770000457763672
9.494999885559082
4.880000114440918
9.07699966430664
12.815999984741211
21.22800064086914
20.253999710083008
33.91400146484375
41.21500015258789
35.382999420166016
32.69599914550781
32.625999450683594
24.538000106811523
21.363000869750977
25.941999435424805
22.63599967956543
18.406999588012695
17.283000946044922
9.07699966430664
8.795999526977539
7.368000030517578
7.315999984741211
11.062999725341797
14.163999557495117
13.732000350952148
21.0049991607666
19.15399932861328
16.714000701904297
11.663999557495117
11.991999626159668
10.357000350952148
20.479000091552734
19.70800018310547
22.96500015258789
29.966999053955078
31.635000228881836
32.27399826049805
26.503000259399414
19.104999542236328
18.492000579833984
27.573999404907227
27.760000228881836
35.12300109863281
34.79199981689453
40.917999267578125
35.80799865722656
30.04800033569336
30.0
27.68000030517578
19.46299934387207
19.860000610351562
17.89900016784668
14.968999862670898
7.691999912261963
4.041999816894531
2.134999990463257
4.571000099182129
14.734999656677246
15.027000427246094
10.736000061035156
12.970000267028809
38.93899917602539
26.81800079345703
42.21699905395508
28.827999114990234
48.85499954223633
49.689998626708984
60.21099853515625
54.757999420166016
49.85499954223633
44.69599914550781
62.85599899291992
41.516998291015625
38.16400146484375
57.44200134277344
65.50199890136719
50.49100112915039
48.909000396728516
57.54899978637695
63.26900100708008
59.459999084472656
54.54800033569336
52.14099884033203
45.63999938964844
46.430999755859375
52.37099838256836
51.20399856567383
50.83399963378906
48.63399887084961
52.935001373291016
36.257999420166016
51.472999572753906
34.6150016784668
42.2859992980957
31.107999801635742
43.86199951171875
44.45500183105469
50.83399963378906
39.95100021362305
36.516998291015625
33.150001525878906
42.72600173950195
43.0
44.15999984741211
44.834999084472656
41.66400146484375
41.88600158691406
39.50400161743164
42.540000915527344
36.72700119018555
46.70199966430664
43.85200119018555
38.16899871826172
40.67100143432617
36.06700134277344
40.78099822998047
44.7859992980957
45.689998626708984
49.26100158691406
42.874000549316406
34.7400016784668
37.66699981689453
36.49599838256836
44.88999938964844
34.5099983215332
37.21200180053711
42.066001892089844
35.70899963378906
28.07900047302246
20.833999633789062
38.625
47.98899841308594
37.41899871826172
33.85200119018555
52.31700134277344
51.125999450683594
42.13800048828125
42.89400100708008
41.10300064086914
47.67599868774414
48.2239990234375
44.27199935913086
36.58599853515625
56.930999755859375
38.64099884033203
35.933998107910156
36.35200119018555
27.59600067138672
34.87699890136719
38.058998107910156
46.57699966430664
20.6299991607666
36.1349983215332
53.77299880981445
52.417999267578125
42.823001861572266
45.03799819946289
44.018001556396484
43.97700119018555
24.445999145507812
27.618000030517578
59.11199951171875
55.19300079345703
49.76300048828125
43.02399826049805
44.32899856567383
45.939998626708984
38.236000061035156
29.17799949645996
21.854000091552734
49.27000045776367
48.76900100708008
53.847999572753906
53.60599899291992
43.275001525878906
36.22600173950195
58.43000030517578
58.09199905395508
50.5890007019043
52.323001861572266
59.42100143432617
59.16600036621094
55.15599822998047
49.63199996948242
45.67399978637695
43.000999450683594
64.5530014038086
38.874000549316406
37.24399948120117
63.03300094604492
63.04999923706055
38.95800018310547
53.505001068115234
53.79800033569336
49.0359992980957
44.96900177001953
50.92599868774414
58.11899948120117
50.11199951171875
54.861000061035156
47.472999572753906
66.10800170898438
57.34600067138672
67.17400360107422
56.08599853515625
63.439998626708984
58.81100082397461
66.45999908447266
64.06500244140625
58.56399917602539
66.24400329589844
59.172000885009766
56.54100036621094
57.124000549316406
50.9119987487793
53.17399978637695
57.37099838256836
49.849998474121094
42.30500030517578
32.007999420166016
33.888999938964844
38.17599868774414
20.591999053955078
12.312000274658203
15.119999885559082
20.15399932861328
16.875
20.0310001373291
21.625999450683594
10.539999961853027
19.371999740600586
14.005999565124512
10.880000114440918
17.64299964904785
24.663999557495117
16.96500015258789
17.035999298095703
7.409999847412109
12.968000411987305
15.470999717712402
12.52299976348877
13.399999618530273
15.76099967956543
13.22700023651123
15.376999855041504
11.123000144958496
13.621000289916992
7.419000148773193
12.428999900817871
11.307000160217285
18.36400032043457
15.052000045776367
14.694999694824219
15.161999702453613
19.340999603271484
15.218000411987305
14.177000045776367
8.875
6.8480000495910645
17.652000427246094
12.272000312805176
8.157999992370605
7.806000232696533
13.27299976348877
12.138999938964844
14.97599983215332
14.765999794006348
18.31599998474121
17.01099967956543
20.899999618530273
19.187000274658203
25.54800033569336
29.320999145507812
38.948001861572266
39.79800033569336
42.81700134277344
41.3129997253418
42.185001373291016
44.26599884033203
42.10200119018555
39.1349983215332
45.11600112915039
42.95199966430664
37.388999938964844
24.506999969482422
39.89099884033203
51.75199890136719
46.691001892089844
45.78499984741211
32.827999114990234
48.97999954223633
17.635000228881836
45.45100021362305
22.684999465942383
29.86199951171875
23.80699920654297
34.821998596191406
38.196998596191406
41.03200149536133
31.658000946044922
32.16999816894531
39.38999938964844
37.56100082397461
27.58300018310547
28.77199935913086
28.68199920654297
36.266998291015625
25.41200065612793
25.648000717163086
26.983999252319336
32.77000045776367
29.565000534057617
32.46200180053711
31.440000534057617
37.750999450683594
31.878000259399414
34.90700149536133
29.76300048828125
30.857999801635742
33.70500183105469
30.516000747680664
23.724000930786133
29.440000534057617
13.65999984741211
21.940000534057617
30.04199981689453
23.07200050354004
11.54699993133545
14.628000259399414
14.857999801635742
16.18600082397461
23.982999801635742
25.172000885009766
20.19099998474121
15.168999671936035
13.70199966430664
21.339000701904297
20.052000045776367
11.255000114440918
21.548999786376953
17.1200008392334
22.268999099731445
21.281999588012695
18.97100067138672
19.05699920654297
19.320999145507812
22.676000595092773
25.048999786376953
18.466999053955078
17.208999633789062
18.985000610351562
16.572999954223633
12.074999809265137
23.1299991607666
19.621999740600586
16.179000854492188
13.890000343322754
11.38599967956543
17.823999404907227
17.19700050354004
11.482000350952148
15.991000175476074
13.833000183105469
13.725000381469727
12.406000137329102
19.1299991607666
15.645000457763672
12.515999794006348
15.763999938964844
11.288999557495117
19.12700080871582
24.593000411987305
24.809999465942383
24.597000122070312
24.702999114990234
16.079999923706055
19.208999633789062
24.797000885009766
22.386999130249023
22.201000213623047
19.632999420166016
14.79800033569336
14.696999549865723
14.149999618530273
18.503999710083008
19.215999603271484
19.18000030517578
16.496000289916992
11.760000228881836
22.43899917602539
16.274999618530273
42.89699935913086
39.57600021362305
40.9900016784668
33.749000549316406
37.01599884033203
40.30400085449219
47.74700164794922
49.805999755859375
50.39799880981445
44.391998291015625
42.60200119018555
37.939998626708984
27.441999435424805
39.4010009765625
46.81399917602539
49.12799835205078
49.821998596191406
50.9370002746582
40.0989990234375
60.097999572753906
47.15700149536133
51.46099853515625
53.196998596191406
53.803001403808594
51.21799850463867
41.70899963378906
46.737998962402344
47.62200164794922
40.9370002746582
45.21900177001953
41.24800109863281
39.80099868774414
34.62300109863281
40.93199920654297
43.66999816894531
43.10900115966797
41.28799819946289
34.79100036621094
43.380001068115234
30.66900062561035
31.02899932861328
26.78700065612793
25.219999313354492
23.558000564575195
35.742000579833984
32.62300109863281
24.89699935913086
19.499000549316406
15.810999870300293
17.695999145507812
17.697999954223633
24.22599983215332
9.8100004196167
8.532999992370605
10.163999557495117
12.24899959564209
12.111000061035156
5.8379998207092285
16.36400032043457
11.590999603271484
4.88700008392334
15.11299991607666
11.001999855041504
6.552000045776367
POINT_DATA 718
CELL_DATA 1305
SCALARS phase_angle float
LOOKUP_TABLE default
11.772000312805176
11.776000022888184
11.770999908447266
11.767000198364258
11.767000198364258
11.767000198364258
11.763999938964844
11.765000343322754
11.763999938964844
11.767000198364258
11.767999649047852
11.76200008392334
11.758999824523926
11.76099967956543
11.758000373840332
11.76200008392334
11.76099967956543
11.758000373840332
11.76200008392334
11.753999710083008
11.758000373840332
11.755000114440918
11.753999710083008
11.756999969482422
11.755000114440918
11.751999855041504
11.75100040435791
11.748000144958496
11.75
11.74899959564209
11.758000373840332
11.75100040435791
11.744000434875488
11.739999771118164
11.743000030517578
11.75
11.748000144958496
11.741000175476074
11.743000030517578
11.744999885559082
11.741000175476074
11.772000312805176
11.968000411987305
11.968999862670898
11.96399974822998
11.963000297546387
11.961999893188477
11.958000183105469
11.956999778747559
11.95300006866455
11.956000328063965
11.958000183105469
11.956000328063965
11.951000213623047
11.954000473022461
11.956000328063965
11.949999809265137
11.949999809265137
11.942000389099121
11.940999984741211
11.947999954223633
11.949000358581543
11.954999923706055
11.946000099182129
11.949000358581543
11.944000244140625
11.942999839782715
11.947999954223633
11.937999725341797
11.940999984741211
11.944999694824219
11.932999610900879
11.9350004196167
11.937000274658203
11.934000015258789
11.935999870300293
11.942000389099121
11.940999984741211
11.928000450134277
11.925999641418457
11.930999755859375
11.9350004196167
11.939000129699707
11.925000190734863
11.930000305175781
11.918000221252441
11.920000076293945
11.918999671936035
11.92199993133545
11.925999641418457
11.935999870300293
11.918000221252441
11.920999526977539
11.92199993133545
11.937999725341797
11.914999961853027
11.928999900817871
11.928000450134277
11.930999755859375
11.937999725341797
11.913000106811523
11.934000015258789
11.935999870300293
11.913999557495117
11.913000106811523
11.925999641418457
11.928000450134277
11.928000450134277
11.90999984741211
11.906999588012695
11.906000137329102
11.91100025177002
11.911999702453613
11.916999816894531
11.935999870300293
11.90999984741211
11.920000076293945
11.930000305175781
11.937000274658203
11.920999526977539
11.920999526977539
11.923999786376953
11.913999557495117
11.913999557495117
11.918000221252441
11.901000022888184
11.907999992370605
11.930000305175781
11.904999732971191
11.907999992370605
11.92199993133545
11.92300033569336
11.895000457763672
11.904000282287598
11.907999992370605
11.927000045776367
11.895000457763672
11.897000312805176
11.901000022888184
11.899999618530273
11.902000427246094
11.902000427246094
11.904000282287598
11.906999588012695
11.916000366210938
11.918999671936035
11.925000190734863
11.892999649047852
11.895000457763672
11.89799976348877
11.89900016784668
11.902999877929688
11.906999588012695
11.911999702453613
11.885000228881836
11.890000343322754
11.890000343322754
11.89799976348877
11.89799976348877
11.918999671936035
11.885000228881836
11.892000198364258
11.895000457763672
11.895000457763672
11.895999908447266
11.897000312805176
11.899999618530273
11.913999557495117
11.90999984741211
11.883999824523926
11.88599967956543
11.88599967956543
11.890000343322754
11.902999877929688
11.913999557495117
11.881999969482422
11.883000373840332
11.888999938964844
11.890999794006348
11.894000053405762
11.890999794006348
11.899999618530273
11.913000106811523
11.918000221252441
11.920999526977539
11.87600040435791
11.878999710083008
11.878000259399414
11.894000053405762
11.901000022888184
11.90999984741211
11.90999984741211
11.87600040435791
11.875
11.881999969482422
11.895000457763672
11.902999877929688
11.918999671936035
11.883999824523926
11.88700008392334
11.892000198364258
11.895000457763672
11.892999649047852
11.901000022888184
11.902000427246094
11.904000282287598
11.906000137329102
11.911999702453613
11.914999961853027
11.86299991607666
11.869000434875488
11.869999885559082
11.871999740600586
11.87600040435791
11.880999565124512
11.883000373840332
11.887999534606934
11.89799976348877
11.902999877929688
11.913999557495117
11.871000289916992
11.880000114440918
11.897000312805176
11.897000312805176
11.904000282287598
11.906000137329102
11.909000396728516
11.907999992370605
11.864999771118164
11.866000175476074
11.871999740600586
11.87600040435791
11.87600040435791
11.880999565124512
11.885000228881836
11.88599967956543
11.892999649047852
11.895000457763672
11.89799976348877
11.899999618530273
11.901000022888184
11.866000175476074
11.87399959564209
11.890000343322754
11.890999794006348
11.894000053405762
11.895000457763672
11.899999618530273
11.902000427246094
11.902999877929688
11.904999732971191
11.859000205993652
11.86400032043457
11.864999771118164
11.902000427246094
11.91100025177002
11.862000465393066
11.862000465393066
11.866999626159668
11.869000434875488
11.885000228881836
11.88700008392334
11.888999938964844
11.897000312805176
11.89799976348877
11.909000396728516
11.904000282287598
11.854000091552734
11.857999801635742
11.866999626159668
11.866999626159668
11.871999740600586
11.873000144958496
11.878999710083008
11.878999710083008
11.883000373840332
11.892999649047852
11.892999649047852
11.848999977111816
11.854999542236328
11.862000465393066
11.881999969482422
11.88700008392334
11.845000267028809
11.850000381469727
11.855999946594238
11.859999656677246
11.869000434875488
11.871999740600586
11.876999855041504
11.880999565124512
11.883999824523926
11.847999572753906
11.862000465393066
11.869000434875488
11.878999710083008
11.845999717712402
11.850000381469727
11.852999687194824
11.862000465393066
11.878000259399414
11.845999717712402
11.848999977111816
11.848999977111816
11.857000350952148
11.873000144958496
11.85200023651123
11.861000061035156
11.843999862670898
11.993000030517578
11.98900032043457
11.98900032043457
11.987000465393066
11.984999656677246
11.987000465393066
11.984000205993652
11.984999656677246
11.98799991607666
11.982000350952148
11.984000205993652
11.982000350952148
11.980999946594238
11.97700023651123
11.979999542236328
11.980999946594238
11.979000091552734
11.970999717712402
11.973999977111816
11.97700023651123
11.979999542236328
11.973999977111816
11.97700023651123
11.97700023651123
11.97700023651123
11.968000411987305
11.968999862670898
11.970000267028809
11.970000267028809
11.972999572753906
11.972999572753906
11.972000122070312
11.970999717712402
11.972999572753906
11.975000381469727
11.96500015258789
11.968999862670898
11.96399974822998
11.967000007629395
11.967000007629395
11.965999603271484
11.970999717712402
11.973999977111816
11.972999572753906
11.968000411987305
11.961000442504883
11.96399974822998
11.967000007629395
11.963000297546387
11.970000267028809
11.961000442504883
11.958999633789062
11.961999893188477
11.95300006866455
11.958999633789062
11.96399974822998
11.958999633789062
11.956000328063965
11.96500015258789
11.961999893188477
11.967000007629395
11.967000007629395
11.95199966430664
11.954999923706055
11.954999923706055
11.960000038146973
11.96500015258789
11.949000358581543
11.949999809265137
11.951000213623047
11.954000473022461
11.954000473022461
11.956999778747559
11.954999923706055
11.956999778747559
11.954999923706055
11.958999633789062
11.947999954223633
11.947999954223633
11.951000213623047
11.949000358581543
11.947999954223633
11.951000213623047
11.95300006866455
11.951000213623047
11.95199966430664
11.949000358581543
11.958000183105469
11.946999549865723
11.946000099182129
11.946000099182129
11.946999549865723
11.949000358581543
11.949999809265137
11.9399995803833
11.942999839782715
11.946000099182129
11.940999984741211
11.9399995803833
11.9399995803833
11.942000389099121
11.939000129699707
11.946000099182129
11.937000274658203
11.944999694824219
11.947999954223633
11.946999549865723
11.946999549865723
11.946999549865723
11.951000213623047
11.932999610900879
11.942000389099121
11.939000129699707
11.937000274658203
11.937999725341797
11.940999984741211
11.942000389099121
11.949999809265137
11.935999870300293
11.932000160217285
11.932999610900879
11.937999725341797
11.934000015258789
11.935999870300293
11.9399995803833
11.939000129699707
11.9350004196167
11.930000305175781
11.930999755859375
11.928999900817871
11.930999755859375
11.928999900817871
11.930999755859375
11.939000129699707
11.923999786376953
11.927000045776367
11.927000045776367
11.930000305175781
11.932000160217285
11.930999755859375
11.937000274658203
11.935999870300293
11.942000389099121
11.927000045776367
11.925000190734863
11.92300033569336
11.925000190734863
11.932000160217285
11.923999786376953
11.923999786376953
11.925999641418457
11.923999786376953
11.928999900817871
11.934000015258789
11.923999786376953
11.928000450134277
11.932000160217285
11.92199993133545
11.92300033569336
11.927000045776367
11.920000076293945
11.918000221252441
11.916999816894531
11.916000366210938
11.916999816894531
11.913999557495117
11.914999961853027
11.920000076293945
11.916999816894531
11.914999961853027
11.91100025177002
11.920999526977539
11.920999526977539
11.92300033569336
11.923999786376953
11.914999961853027
11.916999816894531
11.913999557495117
11.913000106811523
11.916000366210938
11.916999816894531
11.918000221252441
11.923999786376953
11.916999816894531
11.90999984741211
11.913000106811523
11.913999557495117
11.91100025177002
11.916000366210938
11.913000106811523
11.90999984741211
11.913999557495117
11.90999984741211
11.907999992370605
11.906999588012695
11.909000396728516
11.91100025177002
11.918000221252441
11.916999816894531
11.907999992370605
11.904999732971191
11.904000282287598
11.904000282287598
11.904999732971191
11.902999877929688
11.902999877929688
11.906000137329102
11.906000137329102
11.902999877929688
11.907999992370605
11.90999984741211
11.904999732971191
11.906000137329102
11.902999877929688
11.902999877929688
11.906000137329102
11.906999588012695
11.899999618530273
11.89900016784668
11.899999618530273
11.901000022888184
11.902999877929688
11.906000137329102
11.902000427246094
11.902000427246094
11.89900016784668
11.895999908447266
11.89900016784668
11.899999618530273
11.89799976348877
11.892999649047852
11.897000312805176
11.894000053405762
11.895000457763672
11.890999794006348
11.89799976348877
11.899999618530273
11.89900016784668
11.895999908447266
11.895999908447266
11.895999908447266
11.89799976348877
11.89799976348877
11.897000312805176
11.892000198364258
11.894000053405762
11.897000312805176
11.895999908447266
11.892000198364258
11.892999649047852
11.895000457763672
11.894000053405762
11.888999938964844
11.890999794006348
11.88700008392334
11.890000343322754
11.892000198364258
11.892000198364258
11.892000198364258
11.892000198364258
11.888999938964844
11.883000373840332
11.88599967956543
11.885000228881836
11.890000343322754
11.890000343322754
11.887999534606934
11.887999534606934
11.88599967956543
11.890000343322754
11.88599967956543
11.883000373840332
11.883999824523926
11.885000228881836
11.88700008392334
11.888999938964844
11.887999534606934
11.880999565124512
11.880999565124512
11.883000373840332
11.883000373840332
11.883999824523926
11.883000373840332
11.883000373840332
11.885000228881836
11.883000373840332
11.88599967956543
11.883999824523926
11.878000259399414
11.876999855041504
11.876999855041504
11.883999824523926
11.883000373840332
11.885000228881836
11.873000144958496
11.87399959564209
11.875
11.876999855041504
11.876999855041504
11.871999740600586
11.87600040435791
11.878000259399414
11.876999855041504
11.880999565124512
11.87399959564209
11.876999855041504
11.880999565124512
11.880999565124512
11.883000373840332
11.878000259399414
11.878000259399414
11.866999626159668
11.871000289916992
11.87399959564209
11.875
11.87399959564209
11.875
11.86400032043457
11.864999771118164
11.868000030517578
11.873000144958496
11.871999740600586
11.876999855041504
11.871000289916992
11.866999626159668
11.869999885559082
11.866999626159668
11.873000144958496
11.86400032043457
11.864999771118164
11.866000175476074
11.868000030517578
11.866999626159668
11.868000030517578
11.869999885559082
11.869000434875488
11.868000030517578
11.869999885559082
11.861000061035156
11.859000205993652
11.861000061035156
11.857999801635742
11.859999656677246
11.859999656677246
11.86299991607666
11.864999771118164
11.864999771118164
11.86299991607666
11.862000465393066
11.864999771118164
11.866999626159668
11.857000350952148
11.859999656677246
11.861000061035156
11.861000061035156
11.857000350952148
11.864999771118164
11.86299991607666
11.859999656677246
11.857000350952148
11.859999656677246
11.854000091552734
11.852999687194824
11.854000091552734
11.854000091552734
11.857000350952148
11.85200023651123
11.855999946594238
11.857999801635742
11.85200023651123
11.862000465393066
11.852999687194824
11.848999977111816
11.850000381469727
11.850000381469727
11.85099983215332
11.850000381469727
11.857000350952148
11.855999946594238
11.859000205993652
11.847999572753906
11.848999977111816
11.85200023651123
11.857000350952148
11.854999542236328
11.857000350952148
11.859000205993652
11.854999542236328
11.850000381469727
11.845000267028809
11.83899974822998
11.840999603271484
11.843000411987305
11.840999603271484
11.840999603271484
11.843999862670898
11.847000122070312
11.843000411987305
11.845999717712402
11.847000122070312
11.845999717712402
11.85200023651123
11.85099983215332
11.847999572753906
11.850000381469727
11.845999717712402
11.852999687194824
11.843000411987305
11.836000442504883
11.838000297546387
11.838000297546387
11.836000442504883
11.836999893188477
11.836999893188477
11.83899974822998
11.842000007629395
11.842000007629395
11.845000267028809
11.845000267028809
11.847000122070312
11.84000015258789
11.843999862670898
11.840999603271484
11.843999862670898
11.845999717712402
11.84000015258789
11.842000007629395
11.836000442504883
11.838000297546387
11.833000183105469
11.831999778747559
11.833000183105469
11.836999893188477
11.84000015258789
11.836000442504883
11.842000007629395
11.842000007629395
11.838000297546387
11.829000473022461
11.831000328063965
11.833999633789062
11.835000038146973
11.833999633789062
11.831000328063965
11.829000473022461
11.829000473022461
11.831999778747559
11.833999633789062
11.831999778747559
11.833999633789062
11.833999633789062
11.836000442504883
11.833000183105469
11.833999633789062
11.836000442504883
11.836000442504883
11.838000297546387
11.824000358581543
11.824000358581543
11.824999809265137
11.824999809265137
11.831000328063965
11.826000213623047
11.824999809265137
11.82800006866455
11.829999923706055
11.829999923706055
11.82800006866455
11.831000328063965
11.831999778747559
11.822999954223633
11.826000213623047
11.826000213623047
11.829000473022461
11.822999954223633
11.824999809265137
11.824000358581543
11.822999954223633
11.824999809265137
11.829000473022461
11.819999694824219
11.819000244140625
11.821999549865723
11.821999549865723
11.824000358581543
11.819999694824219
11.819999694824219
11.817999839782715
11.819999694824219
11.824999809265137
11.817000389099121
11.817000389099121
11.824000358581543
11.82800006866455
11.817999839782715
11.819999694824219
11.819000244140625
11.822999954223633
11.824999809265137
11.814000129699707
11.815999984741211
11.815999984741211
11.8149995803833
11.817999839782715
11.815999984741211
11.815999984741211
11.819000244140625
11.819999694824219
11.8149995803833
11.812000274658203
11.812999725341797
11.814000129699707
11.8149995803833
11.815999984741211
11.8100004196167
11.812000274658203
11.807999610900879
11.8100004196167
11.8100004196167
11.809000015258789
11.810999870300293
11.8100004196167
11.812999725341797
11.812000274658203
11.809000015258789
11.805999755859375
11.805999755859375
11.805999755859375
11.809000015258789
11.807000160217285
11.805999755859375
11.800999641418457
11.802000045776367
11.972000122070312
11.961000442504883
11.961999893188477
11.958000183105469
11.958000183105469
11.954000473022461
11.949999809265137
11.942000389099121
11.937000274658203
11.928999900817871
11.928999900817871
11.932999610900879
11.925999641418457
11.92300033569336
11.920000076293945
11.916999816894531
11.909000396728516
11.904000282287598
11.904000282287598
11.902000427246094
11.890999794006348
11.885000228881836
11.880999565124512
11.880999565124512
11.876999855041504
11.87399959564209
11.866999626159668
11.862000465393066
11.855999946594238
11.847999572753906
11.854000091552734
11.847999572753906
11.842000007629395
11.83899974822998
11.843999862670898
11.833000183105469
11.97599983215332
11.970000267028809
11.96399974822998
11.968999862670898
11.963000297546387
11.958999633789062
11.95199966430664
11.954999923706055
11.946000099182129
11.939000129699707
11.932000160217285
11.927000045776367
11.923999786376953
11.92199993133545
11.918999671936035
11.916999816894531
11.913000106811523
11.901000022888184
11.895000457763672
11.890999794006348
11.88599967956543
11.876999855041504
11.87399959564209
11.869999885559082
11.866000175476074
11.859999656677246
11.857000350952148
11.854000091552734
11.848999977111816
11.84000015258789
11.838000297546387
11.821000099182129
11.82699966430664
11.871999740600586
11.871000289916992
11.875
11.869000434875488
11.869999885559082
11.871999740600586
11.873000144958496
11.87600040435791
11.880000114440918
11.866000175476074
11.869000434875488
11.866000175476074
11.868000030517578
11.864999771118164
11.871000289916992
11.859000205993652
11.859999656677246
11.861000061035156
11.866999626159668
11.869000434875488
11.871000289916992
11.864999771118164
11.85200023651123
11.854999542236328
11.862000465393066
11.866999626159668
11.859999656677246
11.857999801635742
11.857000350952148
11.848999977111816
11.862000465393066
11.845000267028809
11.847000122070312
11.843999862670898
11.848999977111816
11.854000091552734
11.855999946594238
11.859999656677246
11.838000297546387
11.83899974822998
11.843000411987305
11.845999717712402
11.847000122070312
11.85200023651123
11.854999542236328
11.842000007629395
11.836000442504883
11.84000015258789
11.831999778747559
11.84000015258789
11.85099983215332
11.852999687194824
11.835000038146973
11.836000442504883
11.838000297546387
11.843999862670898
11.845999717712402
11.822999954223633
11.824000358581543
11.843999862670898
11.845999717712402
11.82800006866455
11.836000442504883
11.826000213623047
11.829999923706055
11.82699966430664
11.807999610900879
11.805999755859375
11.807999610900879
11.810999870300293
11.810999870300293
11.814000129699707
11.815999984741211
11.817999839782715
11.814000129699707
11.817999839782715
11.821999549865723
11.822999954223633
11.831999778747559
11.836999893188477
11.838000297546387
11.805000305175781
11.812999725341797
11.83899974822998
11.836999893188477
11.84000015258789
11.824000358581543
11.824999809265137
11.829000473022461
11.82800006866455
11.800999641418457
11.800000190734863
11.8100004196167
11.819999694824219
11.819999694824219
11.835000038146973
11.836999893188477
11.826000213623047
11.79699993133545
11.79699993133545
11.812999725341797
11.815999984741211
11.829999923706055
11.835000038146973
11.821000099182129
11.822999954223633
11.821999549865723
11.819000244140625
11.791000366210938
11.79800033569336
11.803000450134277
11.805000305175781
11.800999641418457
11.79800033569336
11.817000389099121
11.822999954223633
11.826000213623047
11.82699966430664
11.835000038146973
11.803000450134277
11.807000160217285
11.805999755859375
11.812000274658203
11.807999610900879
11.8149995803833
11.814000129699707
11.817000389099121
11.812999725341797
11.817999839782715
11.819999694824219
11.831999778747559
11.8149995803833
11.817999839782715
11.810999870300293
11.824999809265137
11.82800006866455
11.822999954223633
11.82699966430664
11.803000450134277
11.807999610900879
11.8149995803833
11.819999694824219
11.800999641418457
11.800999641418457
11.807000160217285
11.809000015258789
11.812000274658203
11.812000274658203
11.803999900817871
11.809000015258789
11.815999984741211
11.807999610900879
11.8100004196167
11.8149995803833
11.812999725341797
11.812999725341797
11.817999839782715
11.82800006866455
11.826000213623047
11.824999809265137
11.824000358581543
11.772000312805176
11.767999649047852
11.769000053405762
11.769000053405762
11.767000198364258
11.769000053405762
11.781000137329102
11.781999588012695
11.77400016784668
11.779000282287598
11.781999588012695
11.777000427246094
11.77400016784668
11.779000282287598
11.77400016784668
11.77299976348877
11.770999908447266
11.772000312805176
11.769000053405762
11.776000022888184
11.77400016784668
11.774999618530273
11.774999618530273
11.798999786376953
11.79800033569336
11.791999816894531
11.793999671936035
11.791000366210938
11.791999816894531
11.798999786376953
11.800999641418457
11.78499984741211
11.789999961853027
11.786999702453613
11.784000396728516
11.78600025177002
11.788999557495117
11.781999588012695
11.781000137329102
11.781000137329102
11.777000427246094
11.779999732971191
11.777999877929688
11.782999992370605
11.782999992370605
11.78499984741211
11.784000396728516
11.782999992370605
11.786999702453613
11.83899974822998
11.84000015258789
11.906000137329102
11.902999877929688
11.907999992370605
11.897000312805176
11.890000343322754
11.899999618530273
11.888999938964844
11.883999824523926
11.888999938964844
11.892999649047852
11.87399959564209
11.875
11.878999710083008
11.876999855041504
11.878999710083008
11.885000228881836
11.869000434875488
11.871999740600586
11.869999885559082
11.881999969482422
11.86400032043457
11.864999771118164
11.866000175476074
11.866999626159668
11.86400032043457
11.859999656677246
11.861000061035156
11.859000205993652
11.859000205993652
11.854000091552734
11.854999542236328
11.854999542236328
11.85200023651123
11.85099983215332
11.847999572753906
11.847000122070312
11.843999862670898
11.845000267028809
11.84000015258789
11.847000122070312
11.840999603271484
11.836000442504883
11.836999893188477
11.82800006866455
11.829999923706055
11.821000099182129
11.819999694824219
11.8149995803833
11.817000389099121
11.803999900817871
11.809000015258789
11.807000160217285
11.8100004196167
11.8100004196167
11.812000274658203
11.812999725341797
11.803999900817871
11.802000045776367
11.805999755859375
11.805999755859375
11.807999610900879
11.8100004196167
11.814000129699707
11.800999641418457
11.798999786376953
11.800000190734863
11.803999900817871
11.802000045776367
11.805000305175781
11.807000160217285
11.79699993133545
11.79800033569336
11.800999641418457
11.798999786376953
11.798999786376953
11.800000190734863
11.800000190734863
11.803000450134277
11.805999755859375
11.79800033569336
11.795000076293945
11.793000221252441
11.793999671936035
11.79699993133545
11.79699993133545
11.803000450134277
11.789999961853027
11.793000221252441
11.791999816894531
11.789999961853027
11.795999526977539
11.795999526977539
11.788999557495117
11.791999816894531
11.78600025177002
11.793000221252441
11.784000396728516
11.786999702453613
11.831999778747559
11.82800006866455
11.835000038146973
11.82699966430664
11.82699966430664
11.821999549865723
11.824000358581543
11.819000244140625
11.812999725341797
11.809000015258789
11.829000473022461
11.824999809265137
11.817000389099121
11.810999870300293
11.814000129699707
11.805000305175781
11.793000221252441
11.798999786376953
11.793000221252441
11.791000366210938
11.890999794006348
11.88599967956543
11.880999565124512
11.875
11.876999855041504
11.878999710083008
11.885000228881836
11.88599967956543
11.871000289916992
11.873000144958496
11.87600040435791
11.871000289916992
11.871999740600586
11.876999855041504
11.86400032043457
11.866000175476074
11.866000175476074
11.868000030517578
11.868000030517578
11.87600040435791
11.878999710083008
11.859999656677246
11.859999656677246
11.86400032043457
11.857000350952148
11.852999687194824
11.857000350952148
11.852999687194824
11.850000381469727
11.850000381469727
11.845999717712402
11.845999717712402
11.842000007629395
11.842000007629395
11.840999603271484
11.829999923706055
11.833999633789062
11.829000473022461
11.824000358581543
11.819999694824219
11.822999954223633
11.814000129699707
11.8149995803833
11.817000389099121
11.819000244140625
11.821999549865723
11.817000389099121
11.8100004196167
11.809000015258789
11.809000015258789
11.812000274658203
11.812000274658203
11.803999900817871
11.803999900817871
11.802000045776367
11.805000305175781
11.800000190734863
11.79699993133545
11.791000366210938
11.795000076293945
11.791999816894531
11.786999702453613
11.78600025177002
11.786999702453613
POINT_DATA 718
CELL_DATA 1305
SCALARS local_solar_time float
LOOKUP_TABLE default
13.071999549865723
13.062999725341797
13.071999549865723
13.060999870300293
13.0649995803833
13.083999633789062
13.053000450134277
13.052000045776367
13.059000015258789
13.07800006866455
13.07800006866455
13.081000328063965
13.090999603271484
13.065999984741211
13.086000442504883
13.071000099182129
13.074000358581543
13.10200023651123
13.09000015258789
13.10200023651123
13.08899974822998
13.10099983215332
13.107000350952148
13.081000328063965
13.107999801635742
13.10099983215332
13.109000205993652
13.12399959564209
13.116999626159668
13.119000434875488
13.07699966430664
13.119000434875488
13.130999565124512
13.142000198364258
13.13700008392334
13.111000061035156
13.107999801635742
13.137999534606934
13.126999855041504
13.119999885559082
13.135000228881836
13.04800033569336
12.548999786376953
12.550999641418457
12.559000015258789
12.567999839782715
12.572999954223633
12.581999778747559
12.58899974822998
12.598999977111816
12.595000267028809
12.59000015258789
12.597999572753906
12.600000381469727
12.592000007629395
12.60099983215332
12.612000465393066
12.61400032043457
12.621999740600586
12.628999710083008
12.61299991607666
12.612000465393066
12.602999687194824
12.621999740600586
12.621000289916992
12.628999710083008
12.633000373840332
12.625
12.638999938964844
12.63599967956543
12.633999824523926
12.651000022888184
12.64799976348877
12.64799976348877
12.652999877929688
12.659000396728516
12.645000457763672
12.64900016784668
12.666000366210938
12.67199993133545
12.661999702453613
12.656000137329102
12.64900016784668
12.67199993133545
12.666999816894531
12.692000389099121
12.6850004196167
12.6899995803833
12.682999610900879
12.678000450134277
12.661999702453613
12.694999694824219
12.687999725341797
12.687999725341797
12.657999992370605
12.70300006866455
12.675999641418457
12.680000305175781
12.673999786376953
12.659000396728516
12.70300006866455
12.670000076293945
12.668000221252441
12.701000213623047
12.706999778747559
12.682000160217285
12.684000015258789
12.6850004196167
12.711000442504883
12.722999572753906
12.72700023651123
12.71399974822998
12.71500015258789
12.70300006866455
12.670000076293945
12.718000411987305
12.697999954223633
12.684000015258789
12.670999526977539
12.699999809265137
12.70300006866455
12.697999954223633
12.715999603271484
12.718999862670898
12.711999893188477
12.741999626159668
12.727999687194824
12.692000389099121
12.73799991607666
12.737000465393066
12.704999923706055
12.70300006866455
12.755999565124512
12.748000144958496
12.73799991607666
12.697999954223633
12.75100040435791
12.753999710083008
12.743000030517578
12.75
12.75100040435791
12.755000114440918
12.74899959564209
12.741999626159668
12.718999862670898
12.71500015258789
12.708000183105469
12.769000053405762
12.765999794006348
12.76099967956543
12.758999824523926
12.753000259399414
12.744000434875488
12.732000350952148
12.782999992370605
12.770000457763672
12.77299976348877
12.765999794006348
12.767000198364258
12.722999572753906
12.786999702453613
12.776000022888184
12.770999908447266
12.77400016784668
12.77299976348877
12.770000457763672
12.763999938964844
12.730999946594238
12.743000030517578
12.793000221252441
12.78600025177002
12.789999961853027
12.782999992370605
12.755999565124512
12.736000061035156
12.793999671936035
12.79699993133545
12.788000106811523
12.784000396728516
12.779000282287598
12.786999702453613
12.765000343322754
12.741000175476074
12.72700023651123
12.723999977111816
12.814000129699707
12.805000305175781
12.8100004196167
12.777999877929688
12.763999938964844
12.746999740600586
12.75
12.807999610900879
12.814000129699707
12.800999641418457
12.779999732971191
12.76099967956543
12.730999946594238
12.798999786376953
12.795999526977539
12.78600025177002
12.779000282287598
12.78600025177002
12.767999649047852
12.767999649047852
12.762999534606934
12.76200008392334
12.748000144958496
12.741000175476074
12.840999603271484
12.82800006866455
12.829000473022461
12.824000358581543
12.819000244140625
12.809000015258789
12.807000160217285
12.795999526977539
12.779000282287598
12.770000457763672
12.746999740600586
12.829000473022461
12.814000129699707
12.779000282287598
12.784000396728516
12.767999649047852
12.765999794006348
12.756999969482422
12.758999824523926
12.840999603271484
12.840999603271484
12.829999923706055
12.821999549865723
12.824000358581543
12.814000129699707
12.805999755859375
12.803000450134277
12.786999702453613
12.788000106811523
12.782999992370605
12.779000282287598
12.777999877929688
12.843999862670898
12.829999923706055
12.79699993133545
12.795999526977539
12.791999816894531
12.789999961853027
12.781000137329102
12.777000427246094
12.774999618530273
12.770000457763672
12.859000205993652
12.847999572753906
12.848999977111816
12.779000282287598
12.755999565124512
12.855999946594238
12.857000350952148
12.845000267028809
12.842000007629395
12.809000015258789
12.805999755859375
12.803999900817871
12.788999557495117
12.788000106811523
12.76200008392334
12.774999618530273
12.873000144958496
12.866999626159668
12.848999977111816
12.850000381469727
12.836999893188477
12.835000038146973
12.821000099182129
12.822999954223633
12.812000274658203
12.79800033569336
12.79800033569336
12.88700008392334
12.87399959564209
12.859999656677246
12.817000389099121
12.8100004196167
12.89799976348877
12.887999534606934
12.87600040435791
12.866999626159668
12.850000381469727
12.842000007629395
12.829000473022461
12.821999549865723
12.817999839782715
12.890999794006348
12.86400032043457
12.85200023651123
12.82699966430664
12.901000022888184
12.892000198364258
12.88599967956543
12.866000175476074
12.831999778747559
12.902999877929688
12.89799976348877
12.899999618530273
12.878000259399414
12.845000267028809
12.890999794006348
12.871999740600586
12.91100025177002
12.456000328063965
12.46399974822998
12.465999603271484
12.468000411987305
12.477999687194824
12.475000381469727
12.47700023651123
12.482999801635742
12.477999687194824
12.486000061035156
12.491000175476074
12.479000091552734
12.484999656677246
12.496999740600586
12.496000289916992
12.498000144958496
12.486000061035156
12.513999938964844
12.506999969482422
12.496000289916992
12.479000091552734
12.51099967956543
12.503999710083008
12.51099967956543
12.480999946594238
12.52299976348877
12.522000312805176
12.52299976348877
12.526000022888184
12.517000198364258
12.520999908447266
12.51099967956543
12.508999824523926
12.503000259399414
12.48799991607666
12.534000396728516
12.519000053405762
12.538999557495117
12.529000282287598
12.531000137329102
12.538000106811523
12.503999710083008
12.496000289916992
12.496000289916992
12.517000198364258
12.54699993133545
12.54699993133545
12.539999961853027
12.553000450134277
12.5
12.539999961853027
12.557000160217285
12.550000190734863
12.572999954223633
12.557999610900879
12.527999877929688
12.553999900817871
12.560999870300293
12.520999908447266
12.52400016784668
12.503000259399414
12.506999969482422
12.57800006866455
12.571000099182129
12.562000274658203
12.532999992370605
12.505999565124512
12.574999809265137
12.581000328063965
12.574000358581543
12.564000129699707
12.557999610900879
12.54800033569336
12.536999702453613
12.541000366210938
12.541999816894531
12.522000312805176
12.583999633789062
12.586999893188477
12.574999809265137
12.586999893188477
12.593999862670898
12.583000183105469
12.57800006866455
12.5649995803833
12.559000015258789
12.593999862670898
12.520000457763672
12.57800006866455
12.581999778747559
12.595000267028809
12.598999977111816
12.559000015258789
12.548999786376953
12.60200023651123
12.592000007629395
12.581000328063965
12.607000350952148
12.61400032043457
12.611000061035156
12.598999977111816
12.619000434875488
12.567000389099121
12.616000175476074
12.57699966430664
12.567999839782715
12.559000015258789
12.553000450134277
12.54699993133545
12.538999557495117
12.63599967956543
12.581999778747559
12.592000007629395
12.586000442504883
12.59000015258789
12.569999694824219
12.571000099182129
12.53600025177002
12.607000350952148
12.62600040435791
12.616999626159668
12.604000091552734
12.616999626159668
12.598999977111816
12.593999862670898
12.581999778747559
12.593999862670898
12.635000228881836
12.63599967956543
12.64799976348877
12.616999626159668
12.616000175476074
12.609999656677246
12.572999954223633
12.66100025177002
12.628000259399414
12.62600040435791
12.605999946594238
12.597999572753906
12.607000350952148
12.569000244140625
12.57800006866455
12.553000450134277
12.63700008392334
12.64900016784668
12.626999855041504
12.62399959564209
12.590999603271484
12.635000228881836
12.640999794006348
12.616000175476074
12.609000205993652
12.595000267028809
12.569999694824219
12.64799976348877
12.586000442504883
12.574000358581543
12.619999885559082
12.621999740600586
12.593999862670898
12.664999961853027
12.635000228881836
12.647000312805176
12.652000427246094
12.657999992370605
12.685999870300293
12.687000274658203
12.670000076293945
12.663999557495117
12.673999786376953
12.699000358581543
12.612000465393066
12.605999946594238
12.604999542236328
12.593999862670898
12.645999908447266
12.644000053405762
12.673999786376953
12.66100025177002
12.623000144958496
12.623000144958496
12.61299991607666
12.590999603271484
12.633000373840332
12.657999992370605
12.666999816894531
12.663000106811523
12.687999725341797
12.616999626159668
12.63599967956543
12.649999618530273
12.640000343322754
12.654000282287598
12.689000129699707
12.699000358581543
12.670000076293945
12.63599967956543
12.607000350952148
12.607999801635742
12.675000190734863
12.699000358581543
12.715999603271484
12.666000366210938
12.663999557495117
12.67199993133545
12.675999641418457
12.675000190734863
12.670999526977539
12.685999870300293
12.645999908447266
12.633000373840332
12.657999992370605
12.659000396728516
12.694000244140625
12.699000358581543
12.682999610900879
12.684000015258789
12.67300033569336
12.678000450134277
12.678999900817871
12.673999786376953
12.682999610900879
12.644000053405762
12.664999961853027
12.715999603271484
12.72700023651123
12.690999984741211
12.668000221252441
12.661999702453613
12.718000411987305
12.684000015258789
12.678000450134277
12.689000129699707
12.687999725341797
12.699000358581543
12.689000129699707
12.696999549865723
12.692999839782715
12.697999954223633
12.678000450134277
12.72700023651123
12.72700023651123
12.704000473022461
12.718000411987305
12.684000015258789
12.697999954223633
12.701000213623047
12.67300033569336
12.744000434875488
12.722999572753906
12.711999893188477
12.744999885559082
12.692999839782715
12.692999839782715
12.711999893188477
12.710000038146973
12.708999633789062
12.715999603271484
12.718999862670898
12.729000091552734
12.753000259399414
12.711999893188477
12.706999778747559
12.704000473022461
12.715999603271484
12.720999717712402
12.732999801635742
12.734999656677246
12.765000343322754
12.753999710083008
12.697999954223633
12.718000411987305
12.722000122070312
12.720999717712402
12.729999542236328
12.744999885559082
12.75100040435791
12.711000442504883
12.71500015258789
12.734000205993652
12.737000465393066
12.734999656677246
12.743000030517578
12.729000091552734
12.725000381469727
12.772000312805176
12.746000289916992
12.753999710083008
12.718000411987305
12.734000205993652
12.73799991607666
12.75
12.765999794006348
12.763999938964844
12.739999771118164
12.744000434875488
12.727999687194824
12.725000381469727
12.727999687194824
12.753999710083008
12.746999740600586
12.753000259399414
12.758000373840332
12.746999740600586
12.788999557495117
12.78600025177002
12.758000373840332
12.751999855041504
12.748000144958496
12.770999908447266
12.777000427246094
12.74899959564209
12.736000061035156
12.76099967956543
12.795999526977539
12.77299976348877
12.77400016784668
12.756999969482422
12.762999534606934
12.751999855041504
12.758000373840332
12.774999618530273
12.75
12.79800033569336
12.817000389099121
12.807999610900879
12.821999549865723
12.781999588012695
12.767000198364258
12.769000053405762
12.776000022888184
12.76200008392334
12.767000198364258
12.77400016784668
12.769000053405762
12.79699993133545
12.807000160217285
12.78499984741211
12.767999649047852
12.777000427246094
12.77400016784668
12.786999702453613
12.777999877929688
12.782999992370605
12.781999588012695
12.786999702453613
12.805999755859375
12.821000099182129
12.82800006866455
12.793999671936035
12.789999961853027
12.789999961853027
12.78600025177002
12.791000366210938
12.79699993133545
12.842000007629395
12.798999786376953
12.805999755859375
12.824999809265137
12.847000122070312
12.838000297546387
12.795000076293945
12.800999641418457
12.798999786376953
12.802000045776367
12.795999526977539
12.8149995803833
12.807000160217285
12.79800033569336
12.854999542236328
12.817000389099121
12.859000205993652
12.814000129699707
12.807999610900879
12.817000389099121
12.810999870300293
12.824999809265137
12.807999610900879
12.814000129699707
12.8100004196167
12.861000061035156
12.866999626159668
12.850000381469727
12.819999694824219
12.835000038146973
12.82699966430664
12.819000244140625
12.836999893188477
12.866999626159668
12.822999954223633
12.855999946594238
12.847999572753906
12.840999603271484
12.850000381469727
12.842000007629395
12.833999633789062
12.82699966430664
12.845000267028809
12.833999633789062
12.833000183105469
12.83899974822998
12.822999954223633
12.829000473022461
12.847000122070312
12.85099983215332
12.873000144958496
12.829999923706055
12.831999778747559
12.859999656677246
12.848999977111816
12.852999687194824
12.86299991607666
12.861000061035156
12.866999626159668
12.86299991607666
12.85099983215332
12.85200023651123
12.843000411987305
12.850000381469727
12.840999603271484
12.888999938964844
12.880000114440918
12.875
12.854999542236328
12.859999656677246
12.883000373840332
12.880999565124512
12.85099983215332
12.836000442504883
12.871999740600586
12.878999710083008
12.866000175476074
12.87399959564209
12.86299991607666
12.895999908447266
12.890000343322754
12.890999794006348
12.880999565124512
12.871999740600586
12.861000061035156
12.859000205993652
12.847999572753906
12.845999717712402
12.871000289916992
12.878000259399414
12.880999565124512
12.881999969482422
12.876999855041504
12.885000228881836
12.892999649047852
12.89900016784668
12.892999649047852
12.907999992370605
12.90999984741211
12.907999992370605
12.883000373840332
12.871999740600586
12.887999534606934
12.883999824523926
12.880000114440918
12.883000373840332
12.857999801635742
12.883000373840332
12.887999534606934
12.902000427246094
12.895999908447266
12.902000427246094
12.918999671936035
12.920999526977539
12.918999671936035
12.89900016784668
12.897000312805176
12.899999618530273
12.895999908447266
12.881999969482422
12.873000144958496
12.911999702453613
12.920000076293945
12.916000366210938
12.911999702453613
12.904000282287598
12.911999702453613
12.911999702453613
12.916999816894531
12.907999992370605
12.890999794006348
12.892999649047852
12.901000022888184
12.89799976348877
12.92199993133545
12.928000450134277
12.930999755859375
12.87600040435791
12.861000061035156
12.897000312805176
12.928000450134277
12.939000129699707
12.935999870300293
12.935999870300293
12.913000106811523
12.91100025177002
12.913999557495117
12.928999900817871
12.892999649047852
12.899999618530273
12.937999725341797
12.946000099182129
12.951000213623047
12.928000450134277
12.940999984741211
12.944000244140625
12.899999618530273
12.960000038146973
12.946000099182129
12.916000366210938
12.913000106811523
12.925000190734863
12.92199993133545
12.9350004196167
12.9399995803833
12.928000450134277
12.927000045776367
12.956999778747559
12.96399974822998
12.913999557495117
12.935999870300293
12.939000129699707
12.944000244140625
12.965999603271484
12.923999786376953
12.968999862670898
12.937999725341797
12.949000358581543
12.536999702453613
12.571000099182129
12.564000129699707
12.57699966430664
12.576000213623047
12.588000297546387
12.597999572753906
12.621000289916992
12.633000373840332
12.656999588012695
12.65999984741211
12.64799976348877
12.663999557495117
12.67300033569336
12.682000160217285
12.690999984741211
12.710000038146973
12.725000381469727
12.72599983215332
12.732999801635742
12.762999534606934
12.779999732971191
12.784000396728516
12.788999557495117
12.800999641418457
12.810999870300293
12.82699966430664
12.842000007629395
12.859999656677246
12.878999710083008
12.869000434875488
12.885000228881836
12.89799976348877
12.90999984741211
12.897000312805176
12.925999641418457
12.520000457763672
12.53600025177002
12.550999641418457
12.541999816894531
12.555999755859375
12.569000244140625
12.590999603271484
12.581999778747559
12.604999542236328
12.625
12.642000198364258
12.656999588012695
12.666000366210938
12.67300033569336
12.678999900817871
12.687000274658203
12.696999549865723
12.729000091552734
12.744000434875488
12.758999824523926
12.770999908447266
12.793999671936035
12.803999900817871
12.815999984741211
12.82800006866455
12.843000411987305
12.85200023651123
12.859000205993652
12.87399959564209
12.899999618530273
12.907999992370605
12.95199966430664
12.9350004196167
12.715999603271484
12.720999717712402
12.708999633789062
12.729000091552734
12.720000267028809
12.717000007629395
12.711000442504883
12.699000358581543
12.689000129699707
12.736000061035156
12.720000267028809
12.734999656677246
12.72700023651123
12.732000350952148
12.71399974822998
12.753000259399414
12.75
12.743000030517578
12.72700023651123
12.717000007629395
12.711999893188477
12.729000091552734
12.77299976348877
12.763999938964844
12.736000061035156
12.718000411987305
12.73799991607666
12.75
12.755000114440918
12.781000137329102
12.730999946594238
12.791000366210938
12.782999992370605
12.795999526977539
12.77299976348877
12.758000373840332
12.74899959564209
12.732000350952148
12.817000389099121
12.810999870300293
12.786999702453613
12.774999618530273
12.767999649047852
12.755999565124512
12.743000030517578
12.791000366210938
12.814000129699707
12.802000045776367
12.831000328063965
12.791000366210938
12.755000114440918
12.744000434875488
12.809000015258789
12.809000015258789
12.800999641418457
12.77400016784668
12.767000198364258
12.859999656677246
12.854000091552734
12.769000053405762
12.76099967956543
12.831000328063965
12.803999900817871
12.83899974822998
12.829000473022461
12.840999603271484
12.902000427246094
12.906000137329102
12.904000282287598
12.892999649047852
12.890999794006348
12.883000373840332
12.880999565124512
12.869999885559082
12.880999565124512
12.871999740600586
12.857000350952148
12.85099983215332
12.809000015258789
12.795999526977539
12.788999557495117
12.907999992370605
12.880999565124512
12.777000427246094
12.786999702453613
12.777999877929688
12.840999603271484
12.833999633789062
12.824000358581543
12.819000244140625
12.920999526977539
12.920000076293945
12.892999649047852
12.861000061035156
12.859000205993652
12.795999526977539
12.782999992370605
12.82699966430664
12.930999755859375
12.930000305175781
12.878999710083008
12.871000289916992
12.809000015258789
12.789999961853027
12.84000015258789
12.835000038146973
12.842000007629395
12.855999946594238
12.947999954223633
12.920999526977539
12.90999984741211
12.904000282287598
12.90999984741211
12.925000190734863
12.86400032043457
12.833999633789062
12.824000358581543
12.819000244140625
12.78600025177002
12.904999732971191
12.892999649047852
12.892000198364258
12.878000259399414
12.883999824523926
12.86299991607666
12.86400032043457
12.855999946594238
12.873000144958496
12.847000122070312
12.838000297546387
12.800999641418457
12.857000350952148
12.847999572753906
12.875
12.815999984741211
12.802000045776367
12.82699966430664
12.812999725341797
12.89900016784668
12.883000373840332
12.854000091552734
12.836999893188477
12.899999618530273
12.901000022888184
12.883999824523926
12.876999855041504
12.86400032043457
12.866999626159668
12.890999794006348
12.87600040435791
12.847000122070312
12.87600040435791
12.869000434875488
12.847000122070312
12.854999542236328
12.854999542236328
12.835000038146973
12.802000045776367
12.803000450134277
12.8100004196167
12.810999870300293
13.038999557495117
13.048999786376953
13.041999816894531
13.050000190734863
13.038999557495117
13.03600025177002
13.020999908447266
13.043000221252441
13.055000305175781
13.043999671936035
13.045999526977539
13.03499984741211
13.039999961853027
13.034000396728516
13.050999641418457
13.015000343322754
13.02400016784668
13.02400016784668
13.031000137329102
13.019000053405762
13.060999870300293
13.059000015258789
13.026000022888184
13.008999824523926
13.01200008392334
13.020000457763672
13.020000457763672
13.012999534606934
13.012999534606934
13.015000343322754
13.010000228881836
13.02299976348877
12.996999740600586
13.015999794006348
13.027999877929688
13.029000282287598
13.032999992370605
13.022000312805176
12.98900032043457
12.993000030517578
13.005999565124512
13.00100040435791
13.006999969482422
12.998000144958496
13.001999855041504
13.013999938964844
13.005000114440918
13.01099967956543
13.001999855041504
12.916000366210938
12.914999961853027
12.630000114440918
12.645000457763672
12.630000114440918
12.666000366210938
12.682999610900879
12.644000053405762
12.682999610900879
12.697999954223633
12.677000045776367
12.666000366210938
12.725000381469727
12.725000381469727
12.711999893188477
12.715999603271484
12.706999778747559
12.692000389099121
12.736000061035156
12.727999687194824
12.73900032043457
12.697999954223633
12.753999710083008
12.746999740600586
12.748000144958496
12.741999626159668
12.751999855041504
12.76200008392334
12.76200008392334
12.770000457763672
12.767999649047852
12.782999992370605
12.784000396728516
12.788000106811523
12.795999526977539
12.789999961853027
12.807000160217285
12.812000274658203
12.821000099182129
12.809000015258789
12.829000473022461
12.802000045776367
12.817999839782715
12.836999893188477
12.831999778747559
12.859000205993652
12.847999572753906
12.87399959564209
12.880000114440918
12.897000312805176
12.88700008392334
12.958999633789062
12.90999984741211
12.918000221252441
12.91100025177002
12.906999588012695
12.970999717712402
12.970000267028809
12.920999526977539
12.942000389099121
12.958999633789062
12.956000328063965
12.97599983215332
12.980999946594238
12.970000267028809
12.935999870300293
12.947999954223633
12.95199966430664
12.968000411987305
12.954000473022461
12.979000091552734
12.984000205993652
12.98799991607666
12.980999946594238
12.960000038146973
12.96399974822998
12.970000267028809
12.989999771118164
12.984999656677246
12.994999885559082
12.993000030517578
12.940999984741211
12.951000213623047
12.961999893188477
12.965999603271484
12.965999603271484
12.96399974822998
12.99899959564209
12.97700023651123
12.954999923706055
12.982999801635742
12.986000061035156
13.00100040435791
13.008000373840332
12.973999977111816
12.97599983215332
12.975000381469727
12.991999626159668
12.98799991607666
12.986000061035156
12.930999755859375
12.944000244140625
12.934000015258789
12.95300006866455
12.9399995803833
12.956000328063965
12.954999923706055
12.968000411987305
12.984000205993652
12.991000175476074
12.932999610900879
12.944000244140625
12.965999603271484
12.982000350952148
12.97700023651123
12.998000144958496
13.0
13.003999710083008
12.987000465393066
13.003999710083008
12.666000366210938
12.678999900817871
12.694999694824219
12.711000442504883
12.708000183105469
12.699000358581543
12.680000305175781
12.67300033569336
12.729000091552734
12.722000122070312
12.713000297546387
12.72599983215332
12.720000267028809
12.70300006866455
12.74899959564209
12.743000030517578
12.741000175476074
12.736000061035156
12.732000350952148
12.70300006866455
12.694999694824219
12.755999565124512
12.753999710083008
12.744999885559082
12.763999938964844
12.779999732971191
12.767999649047852
12.77299976348877
12.788000106811523
12.784000396728516
12.800999641418457
12.795999526977539
12.810999870300293
12.807000160217285
12.812999725341797
12.843000411987305
12.831000328063965
12.847999572753906
12.859000205993652
12.87600040435791
12.86299991607666
12.887999534606934
12.88599967956543
12.878999710083008
12.873000144958496
12.86400032043457
12.883999824523926
12.897000312805176
12.904000282287598
12.906999588012695
12.89799976348877
12.89799976348877
12.916000366210938
12.916999816894531
12.923999786376953
12.918000221252441
12.925999641418457
12.940999984741211
12.95199966430664
12.940999984741211
12.951000213623047
12.963000297546387
12.970000267028809
12.968999862670898
POINT_DATA 718
CELL_DATA 1305
SCALARS local_solar_time_normal_vector float
LOOKUP_TABLE default
12.17199993133545
11.958000183105469
12.184000015258789
12.689000129699707
12.788999557495117
12.541000366210938
12.805999755859375
12.777000427246094
13.218999862670898
12.616999626159668
11.616999626159668
12.41100025177002
12.244999885559082
13.050000190734863
12.40999984741211
12.638999938964844
12.496000289916992
12.265999794006348
12.366999626159668
12.060999870300293
12.463000297546387
11.852999687194824
11.64900016784668
12.65999984741211
11.706999778747559
12.777000427246094
12.053999900817871
11.656999588012695
11.472000122070312
11.623000144958496
12.87399959564209
11.689000129699707
11.73799991607666
12.166000366210938
12.732999801635742
12.413999557495117
12.71500015258789
11.635000228881836
12.383000373840332
12.003999710083008
11.781999588012695
13.043999671936035
11.420000076293945
11.449999809265137
11.699000358581543
12.63599967956543
12.831000328063965
13.168999671936035
12.72700023651123
12.8149995803833
12.751999855041504
12.734000205993652
12.869000434875488
12.909000396728516
12.843999862670898
13.493000030517578
13.71399974822998
13.734999656677246
13.09000015258789
13.279999732971191
13.460000038146973
13.45300006866455
13.131999969482422
13.744000434875488
13.314000129699707
13.45199966430664
13.32800006866455
13.291000366210938
13.218999862670898
13.319000244140625
13.86299991607666
12.579999923706055
12.664999961853027
13.630000114440918
13.444999694824219
14.21500015258789
14.21399974822998
14.329999923706055
12.694999694824219
13.07800006866455
13.154000282287598
14.142000198364258
14.102999687194824
12.680999755859375
13.67300033569336
13.288000106811523
13.234000205993652
13.345999717712402
12.961000442504883
13.74899959564209
14.565999984741211
14.003999710083008
13.342000007629395
13.437000274658203
14.550000190734863
14.232999801635742
13.720999717712402
13.852999687194824
13.951000213623047
14.08899974822998
14.77400016784668
13.567999839782715
14.177000045776367
14.664999961853027
14.67300033569336
13.769000053405762
13.637999534606934
13.590999603271484
14.491999626159668
14.267000198364258
14.215999603271484
13.8100004196167
13.595999717712402
13.329999923706055
13.876999855041504
13.763999938964844
13.303999900817871
13.836000442504883
13.815999984741211
13.317999839782715
13.310999870300293
13.802000045776367
13.439000129699707
13.461000442504883
13.564000129699707
13.862000465393066
13.718999862670898
13.86400032043457
13.673999786376953
12.621000289916992
13.907999992370605
13.883999824523926
13.892000198364258
12.602999687194824
13.17199993133545
13.840999603271484
13.848999977111816
13.90999984741211
13.86400032043457
13.90999984741211
12.982000350952148
12.597999572753906
12.454999923706055
12.996000289916992
13.52400016784668
13.685999870300293
14.128000259399414
13.72599983215332
13.725000381469727
13.722999572753906
13.388999938964844
12.692000389099121
13.371999740600586
13.461999893188477
13.354000091552734
13.607999801635742
13.755999565124512
13.862000465393066
13.96399974822998
13.524999618530273
12.994000434875488
13.664999961853027
14.246000289916992
14.644000053405762
14.357000350952148
13.371000289916992
13.77299976348877
13.473999977111816
13.6850004196167
13.133999824523926
13.10099983215332
13.291999816894531
14.376999855041504
13.996000289916992
13.654999732971191
13.197999954223633
13.86299991607666
14.616000175476074
14.895000457763672
15.020999908447266
14.95300006866455
13.6850004196167
13.324999809265137
13.538999557495117
13.536999702453613
13.701000213623047
13.579999923706055
13.812000274658203
14.42199993133545
14.055999755859375
13.298999786376953
13.10099983215332
12.991999626159668
13.355999946594238
14.211000442504883
14.527000427246094
14.092000007629395
13.13599967956543
14.12399959564209
14.88599967956543
14.668999671936035
14.638999938964844
14.444999694824219
13.744000434875488
13.628999710083008
13.062000274658203
12.581999778747559
13.156999588012695
13.692000389099121
13.178999900817871
13.307000160217285
13.722999572753906
13.701000213623047
14.055000305175781
14.170999526977539
14.645000457763672
15.28600025177002
14.118000030517578
13.119000434875488
13.86400032043457
14.0
14.626999855041504
14.152999877929688
14.166000366210938
12.842000007629395
12.746000289916992
13.6899995803833
14.114999771118164
13.411999702453613
13.503999710083008
13.87399959564209
13.74899959564209
13.876999855041504
14.70199966430664
14.89900016784668
14.890000343322754
14.184000015258789
14.869999885559082
14.588000297546387
14.236000061035156
14.13700008392334
13.725000381469727
13.960000038146973
14.532999992370605
14.359999656677246
15.277999877929688
15.277000427246094
14.423999786376953
14.121000289916992
14.22700023651123
14.20199966430664
13.11400032043457
13.800000190734863
13.45300006866455
14.298999786376953
14.12600040435791
13.008999824523926
13.366999626159668
14.069999694824219
14.116999626159668
14.79699993133545
14.991999626159668
14.928999900817871
15.909000396728516
15.925000190734863
14.104999542236328
14.527999877929688
13.236000061035156
12.861000061035156
14.168999671936035
14.175000190734863
14.109999656677246
14.14900016784668
14.48900032043457
14.645999908447266
14.682999610900879
15.711999893188477
16.04599952697754
13.611000061035156
13.241999626159668
14.03499984741211
14.98799991607666
15.309000015258789
13.65999984741211
13.23799991607666
12.822999954223633
13.465999603271484
13.633999824523926
13.585000038146973
14.151000022888184
15.378999710083008
14.968999862670898
13.553000450134277
13.793000221252441
13.52400016784668
14.071000099182129
14.003999710083008
13.520999908447266
13.369999885559082
13.869999885559082
14.234000205993652
13.77299976348877
13.647000312805176
13.67199993133545
13.984000205993652
13.579000473022461
13.79699993133545
13.817000389099121
13.842000007629395
13.444999694824219
14.291999816894531
13.675999641418457
14.41100025177002
13.069000244140625
13.11400032043457
13.286999702453613
12.947999954223633
12.871999740600586
13.253999710083008
12.861000061035156
13.444999694824219
13.456000328063965
12.503000259399414
12.531999588012695
12.423999786376953
13.680999755859375
11.295999526977539
11.491999626159668
12.381999969482422
14.006999969482422
11.581999778747559
11.75
12.480999946594238
15.706999778747559
12.161999702453613
11.689000129699707
11.51200008392334
11.505999565124512
11.932000160217285
12.088000297546387
11.446999549865723
10.803999900817871
12.918000221252441
14.239999771118164
13.302000045776367
11.805999755859375
13.161999702453613
12.661999702453613
12.550999641418457
12.317999839782715
12.513999938964844
13.904000282287598
13.180999755859375
11.904999732971191
12.687999725341797
12.449000358581543
12.539999961853027
12.538000106811523
13.08899974822998
13.635000228881836
12.687000274658203
12.638999938964844
13.225000381469727
12.805000305175781
12.704000473022461
12.86299991607666
12.885000228881836
12.699999809265137
12.49899959564209
12.59000015258789
12.517999649047852
13.244000434875488
13.055000305175781
12.918000221252441
12.83899974822998
12.256999969482422
13.437000274658203
13.493000030517578
13.442999839782715
12.739999771118164
12.956999778747559
12.861000061035156
11.958999633789062
12.199999809265137
11.951000213623047
12.291000366210938
13.61299991607666
13.557999610900879
13.946000099182129
13.517999649047852
12.630999565124512
12.720999717712402
12.73900032043457
12.66100025177002
12.581999778747559
12.442000389099121
12.286999702453613
12.729000091552734
12.687999725341797
12.729999542236328
12.425999641418457
12.626999855041504
12.187000274658203
13.072999954223633
12.638999938964844
12.366999626159668
12.90999984741211
12.63700008392334
12.682000160217285
13.159000396728516
12.35099983215332
12.621000289916992
13.185999870300293
12.359000205993652
12.409000396728516
12.116999626159668
12.13700008392334
12.284000396728516
12.23799991607666
12.585000038146973
12.449999809265137
11.821999549865723
12.147000312805176
12.16100025177002
11.972999572753906
11.979000091552734
12.220999717712402
12.47700023651123
13.427000045776367
12.925000190734863
12.593000411987305
12.90999984741211
12.128000259399414
12.08899974822998
12.246999740600586
12.241999626159668
13.321000099182129
13.161999702453613
13.260000228881836
12.73900032043457
12.701000213623047
12.458000183105469
12.001999855041504
13.541999816894531
13.670000076293945
13.477999687194824
12.628999710083008
12.112000465393066
12.621999740600586
11.774999618530273
12.067999839782715
12.201000213623047
14.11299991607666
13.95300006866455
13.180000305175781
13.263999938964844
11.8149995803833
13.774999618530273
14.206000328063965
12.930999755859375
12.36400032043457
11.963000297546387
11.73799991607666
13.901000022888184
11.590999603271484
11.609999656677246
12.6850004196167
12.803999900817871
11.906000137329102
14.253999710083008
12.809000015258789
13.482000350952148
14.032999992370605
14.196000099182129
14.215999603271484
14.312000274658203
14.053999900817871
14.199999809265137
14.116999626159668
14.5
12.196999549865723
12.109000205993652
11.967000007629395
11.767000198364258
13.309000015258789
13.494000434875488
14.121000289916992
13.906999588012695
12.446999549865723
12.456999778747559
12.098999977111816
11.807999610900879
12.805999755859375
13.380000114440918
14.140000343322754
13.996000289916992
13.937999725341797
12.220999717712402
12.49899959564209
12.892000198364258
12.48900032043457
13.347000122070312
13.95199966430664
13.748000144958496
14.295000076293945
12.531999588012695
12.090999603271484
12.081000328063965
14.423999786376953
13.762999534606934
14.008999824523926
12.60200023651123
12.611000061035156
13.418999671936035
13.442999839782715
14.067999839782715
13.833000183105469
14.45300006866455
12.663999557495117
12.579000473022461
12.003000259399414
12.105999946594238
14.071000099182129
14.005999565124512
14.47700023651123
14.32800006866455
12.66100025177002
12.710000038146973
13.380000114440918
12.87399959564209
14.387999534606934
12.22700023651123
12.062000274658203
13.677000045776367
13.994000434875488
13.449999809265137
11.994000434875488
11.519000053405762
13.446000099182129
12.253000259399414
12.800999641418457
13.097000122070312
13.217000007629395
13.581000328063965
13.923999786376953
14.029000282287598
14.043000221252441
13.940999984741211
12.520999908447266
13.633999824523926
14.020000457763672
13.890999794006348
13.444000244140625
12.409000396728516
13.64900016784668
13.975000381469727
11.579000473022461
13.878999710083008
13.390000343322754
13.765999794006348
13.937999725341797
12.5600004196167
12.732999801635742
12.949000358581543
13.383000373840332
13.154000282287598
13.317999839782715
13.322999954223633
13.423999786376953
13.685999870300293
12.654999732971191
12.637999534606934
12.564000129699707
13.168000221252441
13.012999534606934
13.270999908447266
13.439000129699707
13.512999534606934
13.751999855041504
12.496999740600586
12.89799976348877
13.454000473022461
13.468999862670898
12.854999542236328
13.670999526977539
13.87600040435791
12.090999603271484
12.166999816894531
12.621000289916992
12.597000122070312
12.409000396728516
13.149999618530273
13.029999732971191
13.031000137329102
13.22700023651123
13.70300006866455
13.6899995803833
11.626999855041504
13.081000328063965
13.342000007629395
13.548999786376953
13.371000289916992
13.362000465393066
13.065999984741211
13.357000350952148
12.298999786376953
12.074999809265137
12.618000030517578
13.279999732971191
13.298999786376953
13.427000045776367
13.385000228881836
12.954000473022461
12.946000099182129
12.96399974822998
13.303999900817871
13.10200023651123
13.288999557495117
13.142000198364258
13.27400016784668
12.579999923706055
12.071000099182129
13.46399974822998
12.878000259399414
13.052000045776367
12.930000305175781
13.034000396728516
12.130000114440918
12.663000106811523
13.215999603271484
13.008000373840332
13.336999893188477
12.572999954223633
12.144000053405762
12.555000305175781
12.28600025177002
12.927000045776367
12.282999992370605
12.380000114440918
12.418999671936035
12.880999565124512
12.930999755859375
12.975000381469727
13.383000373840332
12.677000045776367
12.548999786376953
12.92300033569336
13.086999893188477
12.74899959564209
12.434000015258789
12.98799991607666
12.416000366210938
12.532999992370605
12.73900032043457
12.9399995803833
12.517999649047852
12.123000144958496
11.866000175476074
12.951000213623047
12.411999702453613
12.925000190734863
12.36299991607666
12.420999526977539
12.451000213623047
11.588000297546387
12.708999633789062
12.439000129699707
12.16100025177002
12.104000091552734
11.689000129699707
13.442000389099121
13.093000411987305
12.505999565124512
12.369000434875488
11.977999687194824
11.484999656677246
12.170999526977539
11.968000411987305
11.720999717712402
12.362000465393066
12.269000053405762
12.055999755859375
12.460000038146973
11.720999717712402
11.836999893188477
11.562000274658203
12.17300033569336
12.178000450134277
12.243000030517578
11.48900032043457
12.293999671936035
11.63599967956543
11.937000274658203
11.815999984741211
12.00100040435791
11.996000289916992
11.843999862670898
12.420000076293945
12.062999725341797
11.619999885559082
10.90999984741211
11.0600004196167
11.015999794006348
10.946999549865723
11.564000129699707
11.001999855041504
10.41100025177002
10.961000442504883
10.633000373840332
11.375
11.699000358581543
11.527000427246094
11.527000427246094
11.085000038146973
12.13599967956543
11.630999565124512
11.444999694824219
12.277999877929688
11.75
11.484000205993652
12.27400016784668
11.78600025177002
12.074000358581543
11.272000312805176
10.923999786376953
10.711000442504883
11.027000427246094
11.265000343322754
11.119000434875488
12.425999641418457
12.352999687194824
11.550000190734863
11.361000061035156
11.354000091552734
11.5600004196167
11.645999908447266
11.597000122070312
11.508999824523926
12.77400016784668
12.82800006866455
12.291999816894531
11.579000473022461
11.461999893188477
12.593000411987305
12.769000053405762
12.762999534606934
11.39799976348877
11.791000366210938
11.630000114440918
11.645999908447266
11.574000358581543
11.833999633789062
11.918999671936035
12.70199966430664
12.868000030517578
12.770999908447266
12.04699993133545
11.986000061035156
12.069000244140625
12.354999542236328
11.98799991607666
13.206000328063965
13.196999549865723
13.277999877929688
11.404999732971191
11.480999946594238
12.680999755859375
12.569999694824219
12.303000450134277
12.366999626159668
11.618000030517578
12.607000350952148
12.494999885559082
11.807000160217285
11.732999801635742
11.819000244140625
13.081000328063965
13.392999649047852
13.42199993133545
13.01200008392334
12.904999732971191
12.90999984741211
11.779999732971191
12.536999702453613
11.906999588012695
12.38599967956543
12.861000061035156
12.890000343322754
13.118000030517578
12.97700023651123
13.208999633789062
12.482999801635742
12.494000434875488
12.479999542236328
12.87600040435791
13.156000137329102
13.631999969482422
13.60200023651123
12.770999908447266
12.82800006866455
13.133000373840332
12.038999557495117
12.213000297546387
13.154000282287598
13.27299976348877
12.78600025177002
12.881999969482422
12.805999755859375
13.458000183105469
13.633000373840332
13.73900032043457
12.901000022888184
12.64799976348877
12.868000030517578
13.09000015258789
12.807999610900879
13.013999938964844
12.835000038146973
13.39900016784668
13.527999877929688
12.28600025177002
13.142000198364258
12.977999687194824
12.734999656677246
12.904000282287598
13.199000358581543
13.14799976348877
13.609999656677246
13.605999946594238
13.430999755859375
13.508999824523926
13.062000274658203
13.29800033569336
12.052000045776367
13.324000358581543
13.324000358581543
13.517999649047852
13.444000244140625
12.704999923706055
13.38599967956543
12.484999656677246
12.83899974822998
12.177000045776367
12.447999954223633
11.763999938964844
12.324000358581543
12.265999794006348
12.6899995803833
12.708000183105469
13.057000160217285
12.923999786376953
12.73799991607666
12.663000106811523
12.911999702453613
12.866999626159668
13.467000007629395
13.319999694824219
14.041000366210938
14.569000244140625
14.175000190734863
14.314000129699707
14.371000289916992
13.751999855041504
13.305999755859375
13.258000373840332
13.362000465393066
12.809000015258789
13.019000053405762
12.567999839782715
12.866000175476074
12.923999786376953
12.854999542236328
13.097000122070312
13.333000183105469
13.260000228881836
13.50100040435791
13.618000030517578
13.156999588012695
12.512999534606934
12.645999908447266
12.586999893188477
12.206999778747559
12.340999603271484
12.142000198364258
12.286999702453613
12.055999755859375
12.376999855041504
12.802000045776367
12.597999572753906
12.928000450134277
13.449999809265137
13.536999702453613
14.14799976348877
14.071000099182129
14.468000411987305
14.187999725341797
13.770999908447266
13.71399974822998
13.607999801635742
12.946000099182129
12.857000350952148
12.239999771118164
12.423999786376953
12.178999900817871
12.645000457763672
12.404000282287598
12.734999656677246
13.270000457763672
13.281999588012695
13.048999786376953
13.300999641418457
10.880000114440918
11.468999862670898
10.359999656677246
11.859999656677246
10.928000450134277
11.23900032043457
9.770000457763672
10.784000396728516
11.562999725341797
12.539999961853027
11.038000106811523
12.503000259399414
12.66100025177002
12.552000045776367
10.04699993133545
13.137999534606934
13.083999633789062
12.819000244140625
11.428000450134277
10.496000289916992
10.913999557495117
11.428999900817871
13.034000396728516
12.515000343322754
11.461000442504883
10.973999977111816
11.532999992370605
12.456999778747559
12.588000297546387
12.170000076293945
11.432000160217285
12.506999969482422
11.920999526977539
12.883999824523926
11.756999969482422
12.059000015258789
11.597999572753906
11.637999534606934
12.730999946594238
13.1899995803833
11.579000473022461
11.71399974822998
11.612000465393066
11.442000389099121
11.888999938964844
11.718999862670898
13.279000282287598
12.821000099182129
12.621999740600586
11.973999977111816
11.52400016784668
12.109000205993652
12.734999656677246
13.246000289916992
12.708000183105469
11.696000099182129
11.623000144958496
10.630999565124512
11.317999839782715
11.812000274658203
11.531000137329102
12.958999633789062
12.324000358581543
12.958999633789062
13.019000053405762
12.675000190734863
11.17199993133545
11.376999855041504
11.406999588012695
10.85200023651123
10.470999717712402
10.354000091552734
10.397000312805176
10.017999649047852
9.895000457763672
10.333999633789062
11.319000244140625
12.37600040435791
12.189000129699707
11.998000144958496
12.317999839782715
11.187000274658203
10.048999786376953
12.442999839782715
12.862000465393066
12.472999572753906
12.708999633789062
12.538000106811523
12.031000137329102
11.630999565124512
12.060999870300293
11.527999877929688
10.513999938964844
10.817000389099121
11.798999786376953
12.310999870300293
12.758999824523926
11.857999801635742
12.109000205993652
12.043000221252441
9.96399974822998
10.366999626159668
12.765999794006348
13.244999885559082
12.76200008392334
12.454000473022461
12.875
12.871000289916992
12.392000198364258
10.763999938964844
10.843999862670898
10.359000205993652
10.371999740600586
11.28499984741211
11.744000434875488
12.392999649047852
12.140000343322754
12.532999992370605
12.435999870300293
9.930000305175781
9.968999862670898
10.220000267028809
10.619000434875488
11.817000389099121
12.96500015258789
13.848999977111816
13.140999794006348
12.41100025177002
13.395000457763672
13.282999992370605
12.79699993133545
13.678000450134277
13.626999855041504
11.963000297546387
13.336999893188477
12.885000228881836
12.826000213623047
13.449999809265137
10.196000099182129
11.737000465393066
14.017999649047852
13.576000213623047
9.307999610900879
10.234000205993652
12.461000442504883
13.34000015258789
14.75100040435791
14.717000007629395
10.597000122070312
13.083999633789062
13.758999824523926
13.519000053405762
13.656000137329102
13.616000175476074
13.498000144958496
13.647000312805176
14.053000450134277
12.78499984741211
12.855999946594238
13.28499984741211
13.357999801635742
12.895000457763672
12.744000434875488
12.583999633789062
12.906999588012695
13.161999702453613
13.102999687194824
12.57699966430664
12.32699966430664
12.774999618530273
12.663999557495117
12.3149995803833
12.902000427246094
12.920000076293945
12.939000129699707
12.843999862670898
12.859000205993652
13.281000137329102
13.343999862670898
13.26200008392334
12.899999618530273
12.538000106811523
12.550999641418457
12.786999702453613
13.17199993133545
13.326000213623047
12.656000137329102
13.244999885559082
12.784000396728516
13.199999809265137
13.310999870300293
13.270999908447266
12.612000465393066
12.880999565124512
12.58899974822998
12.675999641418457
12.541999816894531
12.258999824523926
12.517999649047852
12.569999694824219
12.616999626159668
12.888999938964844
13.024999618530273
13.097999572753906
13.211999893188477
13.116000175476074
12.569999694824219
12.824999809265137
12.717000007629395
12.720000267028809
13.836999893188477
13.765999794006348
12.116000175476074
12.225000381469727
11.979000091552734
11.602999687194824
11.737000465393066
12.282999992370605
11.734000205993652
11.505999565124512
11.75
11.87600040435791
11.086999893188477
11.625
10.937999725341797
10.623000144958496
11.052000045776367
11.472000122070312
11.156000137329102
10.300999641418457
12.01200008392334
11.402999877929688
13.053999900817871
12.815999984741211
12.847000122070312
11.685999870300293
13.234000205993652
14.045000076293945
13.753000259399414
13.758000373840332
14.07699966430664
13.593999862670898
13.392000198364258
13.34000015258789
13.26099967956543
13.517000198364258
12.682000160217285
12.645999908447266
11.902999877929688
12.902999877929688
12.335000038146973
13.003999710083008
12.647000312805176
12.043000221252441
12.317000389099121
12.217000007629395
12.244000434875488
12.16100025177002
12.175999641418457
12.281000137329102
11.946000099182129
13.447999954223633
11.807000160217285
11.899999618530273
12.092000007629395
11.869999885559082
13.20300006866455
13.333999633789062
11.875
12.66100025177002
13.704000473022461
13.550000190734863
13.604999542236328
13.416999816894531
13.208999633789062
12.413999557495117
12.812000274658203
12.852999687194824
13.288999557495117
13.29800033569336
13.652999877929688
13.737000465393066
13.074000358581543
12.946999549865723
13.253999710083008
13.345000267028809
13.206000328063965
13.430000305175781
13.01099967956543
13.555000305175781
13.51099967956543
12.331999778747559
12.491000175476074
12.65999984741211
13.168999671936035
13.157999992370605
13.145999908447266
13.626999855041504
13.175999641418457
12.310999870300293
12.954999923706055
13.135000228881836
12.902999877929688
13.12399959564209
13.081000328063965
13.345000267028809
12.52400016784668
12.765999794006348
12.692999839782715
13.588000297546387
13.376999855041504
13.402999877929688
13.456999778747559
13.39799976348877
13.27299976348877
13.418999671936035
13.395000457763672
13.222000122070312
13.461999893188477
13.435999870300293
13.26099967956543
13.27400016784668
13.218999862670898
13.413999557495117
13.420000076293945
13.60099983215332
12.78600025177002
13.090999603271484
12.793000221252441
12.767999649047852
11.876999855041504
11.684000015258789
11.409000396728516
10.503000259399414
11.104000091552734
10.501999855041504
11.633999824523926
11.560999870300293
10.29699993133545
10.668000221252441
10.935999870300293
10.82699966430664
11.484999656677246
10.494000434875488
13.015999794006348
11.373000144958496
11.295999526977539
10.772000312805176
11.8149995803833
9.746000289916992
11.317000389099121
13.288000106811523
13.005000114440918
12.053000450134277
13.605999946594238
13.524999618530273
14.187000274658203
13.020000457763672
13.482000350952148
13.567000389099121
13.020000457763672
13.11299991607666
12.53499984741211
12.857000350952148
12.744000434875488
12.036999702453613
12.293999671936035
12.267999649047852
11.621999740600586
11.996000289916992
11.932000160217285
10.689000129699707
11.015999794006348
11.350000381469727
10.737000465393066
11.258999824523926
11.42199993133545
11.17300033569336
11.373000144958496
11.475000381469727
11.47599983215332
11.73900032043457
12.020000457763672
12.003999710083008
11.932000160217285
11.986000061035156
12.135000228881836
12.265999794006348
12.404000282287598
12.180000305175781
12.180999755859375
12.640999794006348
12.763999938964844
12.595999717712402
CELL_DATA 1305
SCALARS pixel_x float
LOOKUP_TABLE default
172.0
172.0
172.0
172.0
172.0
173.0
172.0
172.0
172.0
172.0
172.0
173.0
173.0
172.0
173.0
172.0
172.0
173.0
173.0
173.0
173.0
173.0
173.0
173.0
173.0
173.0
173.0
173.0
173.0
173.0
172.0
173.0
173.0
173.0
173.0
173.0
173.0
173.0
173.0
173.0
173.0
172.0
169.0
169.0
169.0
169.0
169.0
169.0
169.0
169.0
169.0
169.0
169.0
169.0
169.0
169.0
169.0
169.0
169.0
169.0
169.0
169.0
169.0
169.0
169.0
169.0
169.0
169.0
169.0
169.0
169.0
169.0
169.0
169.0
169.0
169.0
169.0
169.0
169.0
169.0
169.0
169.0
169.0
169.0
169.0
170.0
170.0
170.0
170.0
170.0
169.0
170.0
170.0
170.0
169.0
170.0
170.0
170.0
170.0
169.0
170.0
170.0
169.0
170.0
170.0
170.0
170.0
170.0
170.0
170.0
170.0
170.0
170.0
170.0
170.0
170.0
170.0
170.0
170.0
170.0
170.0
170.0
170.0
170.0
170.0
170.0
170.0
170.0
170.0
170.0
170.0
170.0
170.0
170.0
170.0
170.0
170.0
170.0
170.0
170.0
170.0
170.0
170.0
170.0
170.0
170.0
170.0
170.0
170.0
170.0
170.0
170.0
170.0
170.0
170.0
170.0
170.0
170.0
170.0
170.0
170.0
170.0
170.0
170.0
170.0
170.0
170.0
170.0
170.0
170.0
170.0
170.0
170.0
170.0
170.0
170.0
170.0
170.0
170.0
170.0
170.0
170.0
170.0
170.0
170.0
171.0
170.0
171.0
170.0
170.0
170.0
170.0
171.0
171.0
170.0
170.0
170.0
170.0
170.0
170.0
170.0
170.0
170.0
170.0
170.0
170.0
170.0
170.0
170.0
171.0
171.0
171.0
171.0
171.0
171.0
171.0
170.0
170.0
170.0
170.0
171.0
171.0
170.0
170.0
170.0
170.0
170.0
170.0
171.0
171.0
171.0
171.0
171.0
171.0
171.0
170.0
170.0
170.0
170.0
170.0
170.0
171.0
171.0
170.0
170.0
170.0
170.0
170.0
170.0
170.0
170.0
171.0
171.0
171.0
170.0
170.0
171.0
171.0
171.0
171.0
171.0
171.0
171.0
170.0
170.0
170.0
170.0
171.0
171.0
171.0
171.0
171.0
171.0
171.0
171.0
171.0
170.0
170.0
171.0
171.0
171.0
171.0
171.0
171.0
171.0
171.0
171.0
171.0
171.0
171.0
171.0
171.0
171.0
171.0
171.0
171.0
171.0
171.0
171.0
171.0
171.0
171.0
171.0
171.0
171.0
171.0
171.0
171.0
171.0
168.0
168.0
168.0
168.0
168.0
168.0
168.0
168.0
168.0
168.0
168.0
168.0
168.0
168.0
168.0
168.0
168.0
168.0
168.0
168.0
168.0
168.0
168.0
168.0
168.0
168.0
168.0
168.0
168.0
168.0
168.0
168.0
168.0
168.0
168.0
168.0
168.0
169.0
168.0
168.0
169.0
168.0
168.0
168.0
168.0
169.0
169.0
169.0
169.0
168.0
169.0
169.0
169.0
169.0
169.0
168.0
169.0
169.0
168.0
168.0
168.0
168.0
169.0
169.0
169.0
169.0
168.0
169.0
169.0
169.0
169.0
169.0
169.0
169.0
169.0
169.0
168.0
169.0
169.0
169.0
169.0
169.0
169.0
169.0
169.0
169.0
169.0
168.0
169.0
169.0
169.0
169.0
169.0
169.0
169.0
169.0
169.0
169.0
169.0
169.0
169.0
169.0
169.0
169.0
169.0
169.0
169.0
169.0
169.0
169.0
169.0
169.0
169.0
169.0
169.0
169.0
169.0
169.0
169.0
169.0
169.0
169.0
169.0
169.0
169.0
169.0
169.0
169.0
169.0
169.0
169.0
169.0
169.0
169.0
169.0
169.0
169.0
169.0
169.0
169.0
169.0
169.0
169.0
169.0
169.0
169.0
169.0
169.0
169.0
169.0
169.0
169.0
169.0
169.0
169.0
169.0
169.0
169.0
169.0
169.0
169.0
169.0
169.0
169.0
169.0
170.0
170.0
169.0
169.0
170.0
170.0
169.0
169.0
169.0
169.0
169.0
169.0
170.0
169.0
169.0
169.0
169.0
169.0
169.0
169.0
169.0
169.0
170.0
169.0
169.0
169.0
169.0
169.0
170.0
170.0
170.0
169.0
169.0
169.0
170.0
170.0
170.0
170.0
170.0
170.0
170.0
170.0
170.0
170.0
169.0
169.0
169.0
169.0
170.0
170.0
170.0
170.0
170.0
170.0
170.0
170.0
170.0
169.0
170.0
170.0
170.0
170.0
170.0
170.0
170.0
170.0
170.0
170.0
170.0
170.0
170.0
170.0
170.0
170.0
170.0
170.0
170.0
170.0
170.0
170.0
170.0
170.0
170.0
170.0
170.0
170.0
170.0
170.0
170.0
170.0
170.0
170.0
170.0
170.0
170.0
170.0
170.0
170.0
170.0
170.0
170.0
170.0
170.0
170.0
170.0
170.0
170.0
170.0
170.0
170.0
170.0
170.0
170.0
170.0
170.0
170.0
170.0
170.0
170.0
170.0
170.0
170.0
170.0
170.0
170.0
170.0
170.0
170.0
170.0
170.0
170.0
170.0
170.0
170.0
170.0
170.0
170.0
170.0
170.0
170.0
170.0
170.0
170.0
170.0
170.0
170.0
170.0
170.0
170.0
170.0
170.0
170.0
170.0
170.0
170.0
170.0
170.0
170.0
170.0
171.0
171.0
171.0
170.0
170.0
170.0
170.0
170.0
170.0
170.0
170.0
170.0
171.0
170.0
170.0
170.0
170.0
170.0
170.0
170.0
170.0
170.0
171.0
171.0
171.0
170.0
170.0
170.0
170.0
170.0
170.0
171.0
170.0
171.0
171.0
171.0
171.0
170.0
171.0
170.0
171.0
170.0
171.0
171.0
170.0
171.0
171.0
171.0
171.0
171.0
171.0
171.0
171.0
171.0
171.0
171.0
171.0
171.0
171.0
171.0
171.0
171.0
171.0
171.0
171.0
171.0
171.0
171.0
171.0
171.0
171.0
171.0
171.0
171.0
171.0
171.0
171.0
171.0
171.0
171.0
171.0
171.0
171.0
171.0
171.0
171.0
171.0
171.0
171.0
171.0
171.0
171.0
171.0
171.0
171.0
171.0
171.0
171.0
171.0
171.0
171.0
171.0
171.0
171.0
171.0
171.0
171.0
171.0
171.0
171.0
171.0
171.0
171.0
171.0
171.0
171.0
171.0
171.0
171.0
171.0
171.0
171.0
171.0
171.0
171.0
171.0
171.0
171.0
171.0
171.0
171.0
171.0
171.0
171.0
171.0
171.0
171.0
171.0
171.0
171.0
171.0
171.0
171.0
171.0
171.0
171.0
171.0
171.0
171.0
171.0
171.0
171.0
171.0
171.0
171.0
171.0
171.0
171.0
171.0
171.0
171.0
171.0
171.0
171.0
171.0
171.0
171.0
171.0
171.0
171.0
171.0
171.0
171.0
171.0
171.0
171.0
171.0
171.0
171.0
171.0
171.0
171.0
172.0
172.0
171.0
171.0
172.0
171.0
172.0
172.0
171.0
171.0
171.0
171.0
171.0
171.0
171.0
171.0
172.0
172.0
171.0
171.0
171.0
172.0
172.0
171.0
172.0
171.0
172.0
169.0
169.0
169.0
169.0
169.0
169.0
169.0
169.0
169.0
169.0
169.0
169.0
169.0
169.0
170.0
170.0
170.0
170.0
170.0
170.0
170.0
170.0
170.0
170.0
170.0
171.0
171.0
171.0
171.0
171.0
171.0
171.0
171.0
171.0
171.0
171.0
168.0
169.0
169.0
169.0
169.0
169.0
169.0
169.0
169.0
169.0
169.0
169.0
169.0
169.0
170.0
170.0
170.0
170.0
170.0
170.0
170.0
170.0
170.0
171.0
171.0
171.0
171.0
171.0
171.0
171.0
171.0
172.0
171.0
170.0
170.0
170.0
170.0
170.0
170.0
170.0
170.0
170.0
170.0
170.0
170.0
170.0
170.0
170.0
170.0
170.0
170.0
170.0
170.0
170.0
170.0
170.0
170.0
170.0
170.0
170.0
170.0
170.0
170.0
170.0
170.0
170.0
171.0
170.0
170.0
170.0
170.0
171.0
171.0
170.0
170.0
170.0
170.0
170.0
170.0
171.0
171.0
171.0
171.0
170.0
170.0
171.0
171.0
171.0
170.0
170.0
171.0
171.0
170.0
170.0
171.0
171.0
171.0
171.0
171.0
171.0
171.0
171.0
171.0
171.0
171.0
171.0
171.0
171.0
171.0
171.0
171.0
171.0
171.0
171.0
171.0
171.0
170.0
171.0
170.0
171.0
171.0
171.0
171.0
171.0
171.0
171.0
171.0
171.0
171.0
170.0
171.0
171.0
171.0
171.0
171.0
171.0
171.0
171.0
171.0
171.0
171.0
172.0
171.0
171.0
171.0
171.0
171.0
171.0
171.0
171.0
171.0
171.0
171.0
171.0
171.0
171.0
171.0
171.0
171.0
171.0
171.0
171.0
171.0
171.0
171.0
171.0
171.0
171.0
171.0
171.0
171.0
171.0
171.0
171.0
171.0
171.0
171.0
171.0
171.0
171.0
171.0
171.0
171.0
171.0
171.0
171.0
171.0
171.0
171.0
171.0
171.0
171.0
171.0
171.0
172.0
172.0
172.0
172.0
172.0
172.0
172.0
172.0
172.0
172.0
172.0
172.0
172.0
172.0
172.0
172.0
172.0
172.0
172.0
172.0
172.0
172.0
172.0
172.0
172.0
172.0
172.0
172.0
172.0
172.0
172.0
172.0
172.0
172.0
172.0
172.0
172.0
172.0
172.0
172.0
172.0
172.0
172.0
172.0
172.0
172.0
172.0
172.0
172.0
171.0
171.0
169.0
169.0
169.0
170.0
170.0
169.0
170.0
170.0
170.0
170.0
170.0
170.0
170.0
170.0
170.0
170.0
170.0
170.0
170.0
170.0
170.0
170.0
170.0
170.0
170.0
170.0
170.0
170.0
170.0
170.0
170.0
170.0
170.0
170.0
171.0
171.0
171.0
171.0
171.0
171.0
171.0
171.0
171.0
171.0
171.0
171.0
171.0
171.0
171.0
172.0
171.0
171.0
171.0
171.0
172.0
172.0
171.0
172.0
172.0
172.0
172.0
172.0
172.0
171.0
172.0
172.0
172.0
172.0
172.0
172.0
172.0
172.0
172.0
172.0
172.0
172.0
172.0
172.0
172.0
172.0
172.0
172.0
172.0
172.0
172.0
172.0
172.0
172.0
172.0
172.0
172.0
172.0
172.0
172.0
172.0
172.0
172.0
172.0
171.0
171.0
171.0
172.0
171.0
172.0
172.0
172.0
172.0
172.0
171.0
171.0
172.0
172.0
172.0
172.0
172.0
172.0
172.0
172.0
170.0
170.0
170.0
170.0
170.0
170.0
170.0
170.0
170.0
170.0
170.0
170.0
170.0
170.0
170.0
170.0
170.0
170.0
170.0
170.0
170.0
170.0
170.0
170.0
170.0
170.0
170.0
170.0
170.0
170.0
171.0
171.0
171.0
171.0
171.0
171.0
171.0
171.0
171.0
171.0
171.0
171.0
171.0
171.0
171.0
171.0
171.0
171.0
171.0
171.0
171.0
171.0
171.0
171.0
171.0
171.0
171.0
172.0
172.0
172.0
172.0
172.0
172.0
172.0
POINT_DATA 718
CELL_DATA 1305
SCALARS pixel_y float
LOOKUP_TABLE default
126.0
126.0
126.0
125.0
125.0
126.0
125.0
125.0
125.0
126.0
126.0
125.0
125.0
125.0
125.0
125.0
125.0
126.0
126.0
125.0
125.0
125.0
125.0
125.0
126.0
125.0
125.0
125.0
125.0
125.0
125.0
126.0
125.0
125.0
125.0
125.0
125.0
125.0
125.0
125.0
125.0
125.0
127.0
127.0
127.0
127.0
127.0
127.0
127.0
127.0
127.0
127.0
127.0
127.0
127.0
127.0
127.0
127.0
127.0
127.0
127.0
127.0
127.0
127.0
127.0
127.0
127.0
127.0
127.0
127.0
127.0
127.0
127.0
127.0
127.0
127.0
127.0
127.0
127.0
127.0
127.0
127.0
127.0
127.0
127.0
127.0
127.0
127.0
127.0
127.0
127.0
127.0
127.0
127.0
127.0
127.0
127.0
127.0
127.0
127.0
127.0
127.0
128.0
127.0
127.0
127.0
127.0
127.0
127.0
127.0
127.0
127.0
127.0
127.0
128.0
127.0
127.0
128.0
128.0
127.0
127.0
127.0
127.0
127.0
127.0
127.0
127.0
128.0
127.0
127.0
127.0
128.0
127.0
127.0
127.0
128.0
127.0
127.0
127.0
127.0
127.0
127.0
127.0
127.0
127.0
128.0
128.0
127.0
127.0
127.0
127.0
127.0
127.0
127.0
127.0
127.0
127.0
127.0
127.0
128.0
127.0
127.0
127.0
127.0
127.0
127.0
127.0
128.0
128.0
127.0
127.0
127.0
127.0
127.0
128.0
127.0
127.0
127.0
127.0
127.0
127.0
127.0
128.0
128.0
128.0
127.0
127.0
127.0
127.0
128.0
128.0
128.0
127.0
127.0
127.0
127.0
128.0
128.0
127.0
127.0
127.0
127.0
127.0
128.0
128.0
128.0
128.0
128.0
128.0
127.0
127.0
127.0
127.0
127.0
127.0
127.0
127.0
128.0
128.0
128.0
127.0
127.0
128.0
128.0
128.0
128.0
128.0
128.0
127.0
127.0
127.0
127.0
127.0
127.0
127.0
127.0
128.0
128.0
128.0
128.0
128.0
127.0
127.0
128.0
128.0
128.0
128.0
128.0
128.0
128.0
128.0
127.0
127.0
127.0
128.0
128.0
127.0
127.0
127.0
127.0
128.0
128.0
128.0
128.0
128.0
128.0
128.0
127.0
127.0
127.0
127.0
127.0
127.0
127.0
127.0
127.0
128.0
128.0
127.0
127.0
127.0
128.0
128.0
127.0
127.0
127.0
127.0
127.0
127.0
127.0
128.0
128.0
127.0
127.0
127.0
128.0
127.0
127.0
127.0
127.0
128.0
127.0
127.0
127.0
127.0
128.0
127.0
127.0
127.0
126.0
126.0
126.0
126.0
126.0
126.0
126.0
126.0
126.0
126.0
126.0
126.0
126.0
126.0
126.0
126.0
126.0
126.0
126.0
126.0
126.0
126.0
126.0
126.0
126.0
126.0
126.0
126.0
126.0
126.0
126.0
126.0
126.0
126.0
126.0
126.0
126.0
126.0
126.0
126.0
126.0
126.0
126.0
126.0
126.0
126.0
126.0
126.0
126.0
126.0
126.0
126.0
126.0
126.0
126.0
126.0
126.0
126.0
126.0
126.0
125.0
126.0
126.0
126.0
126.0
126.0
125.0
126.0
126.0
126.0
126.0
126.0
126.0
125.0
126.0
126.0
125.0
126.0
126.0
126.0
126.0
126.0
126.0
126.0
126.0
126.0
126.0
125.0
126.0
126.0
126.0
126.0
126.0
125.0
126.0
126.0
126.0
126.0
126.0
126.0
126.0
126.0
126.0
126.0
126.0
126.0
125.0
125.0
125.0
125.0
126.0
126.0
126.0
125.0
126.0
125.0
125.0
125.0
126.0
126.0
126.0
126.0
126.0
126.0
126.0
125.0
125.0
126.0
126.0
126.0
126.0
126.0
126.0
125.0
126.0
126.0
126.0
125.0
125.0
125.0
125.0
125.0
125.0
126.0
126.0
125.0
125.0
125.0
126.0
126.0
125.0
125.0
125.0
125.0
126.0
125.0
125.0
125.0
125.0
125.0
126.0
125.0
126.0
126.0
126.0
126.0
126.0
126.0
126.0
126.0
126.0
125.0
125.0
125.0
125.0
125.0
125.0
126.0
126.0
125.0
125.0
125.0
125.0
125.0
125.0
126.0
126.0
126.0
125.0
125.0
125.0
125.0
125.0
126.0
126.0
126.0
125.0
125.0
125.0
126.0
126.0
126.0
125.0
125.0
125.0
125.0
125.0
125.0
126.0
125.0
125.0
125.0
125.0
126.0
126.0
126.0
126.0
125.0
125.0
125.0
125.0
125.0
125.0
125.0
126.0
126.0
125.0
125.0
125.0
126.0
125.0
125.0
125.0
125.0
125.0
125.0
126.0
125.0
125.0
125.0
126.0
126.0
126.0
126.0
125.0
125.0
125.0
125.0
126.0
126.0
126.0
126.0
125.0
125.0
125.0
125.0
125.0
126.0
126.0
126.0
126.0
125.0
125.0
125.0
125.0
125.0
126.0
126.0
126.0
126.0
125.0
125.0
125.0
125.0
125.0
126.0
126.0
125.0
125.0
125.0
125.0
125.0
126.0
125.0
125.0
126.0
126.0
126.0
125.0
125.0
125.0
126.0
126.0
126.0
125.0
125.0
125.0
125.0
125.0
125.0
125.0
125.0
125.0
125.0
126.0
126.0
126.0
126.0
126.0
126.0
126.0
125.0
124.0
125.0
126.0
126.0
126.0
124.0
125.0
125.0
125.0
126.0
125.0
126.0
126.0
126.0
126.0
126.0
125.0
125.0
125.0
125.0
125.0
125.0
125.0
126.0
126.0
126.0
125.0
125.0
125.0
125.0
125.0
125.0
125.0
125.0
126.0
126.0
126.0
126.0
126.0
125.0
125.0
125.0
125.0
126.0
126.0
126.0
126.0
126.0
126.0
125.0
125.0
125.0
125.0
125.0
125.0
125.0
125.0
126.0
126.0
126.0
125.0
125.0
125.0
125.0
125.0
125.0
125.0
126.0
126.0
126.0
126.0
126.0
126.0
126.0
126.0
126.0
126.0
125.0
125.0
125.0
125.0
125.0
125.0
125.0
125.0
125.0
125.0
125.0
125.0
125.0
125.0
126.0
126.0
126.0
126.0
125.0
125.0
125.0
125.0
125.0
125.0
125.0
125.0
125.0
125.0
125.0
125.0
125.0
126.0
126.0
126.0
126.0
126.0
126.0
126.0
125.0
125.0
125.0
125.0
125.0
125.0
125.0
126.0
126.0
126.0
126.0
125.0
125.0
125.0
125.0
125.0
125.0
125.0
125.0
125.0
125.0
125.0
126.0
126.0
126.0
126.0
126.0
126.0
126.0
126.0
125.0
125.0
125.0
125.0
125.0
125.0
125.0
126.0
126.0
126.0
126.0
126.0
126.0
125.0
125.0
125.0
125.0
125.0
125.0
126.0
126.0
126.0
126.0
125.0
125.0
125.0
125.0
125.0
125.0
125.0
125.0
125.0
126.0
125.0
125.0
125.0
125.0
125.0
126.0
126.0
126.0
126.0
125.0
125.0
125.0
125.0
125.0
125.0
126.0
126.0
126.0
125.0
125.0
126.0
125.0
126.0
126.0
125.0
125.0
125.0
125.0
125.0
125.0
125.0
125.0
126.0
126.0
125.0
125.0
125.0
125.0
126.0
125.0
126.0
125.0
125.0
127.0
127.0
126.0
127.0
126.0
127.0
127.0
126.0
126.0
126.0
127.0
127.0
126.0
126.0
127.0
127.0
126.0
126.0
127.0
127.0
127.0
127.0
126.0
127.0
127.0
127.0
127.0
127.0
127.0
126.0
127.0
127.0
127.0
127.0
127.0
127.0
126.0
126.0
126.0
126.0
126.0
126.0
126.0
126.0
126.0
126.0
126.0
126.0
126.0
126.0
126.0
126.0
126.0
126.0
126.0
126.0
126.0
126.0
126.0
126.0
126.0
126.0
126.0
126.0
126.0
126.0
126.0
126.0
126.0
124.0
124.0
124.0
124.0
124.0
124.0
124.0
124.0
124.0
124.0
124.0
124.0
124.0
124.0
124.0
124.0
124.0
124.0
124.0
124.0
124.0
124.0
124.0
124.0
124.0
124.0
124.0
124.0
124.0
124.0
124.0
124.0
124.0
124.0
124.0
124.0
124.0
124.0
124.0
124.0
124.0
124.0
124.0
124.0
124.0
124.0
124.0
124.0
124.0
124.0
124.0
124.0
124.0
124.0
124.0
124.0
124.0
124.0
124.0
124.0
123.0
124.0
124.0
124.0
124.0
124.0
124.0
124.0
124.0
124.0
124.0
124.0
124.0
124.0
124.0
124.0
124.0
124.0
124.0
124.0
124.0
124.0
124.0
123.0
123.0
123.0
124.0
124.0
124.0
124.0
124.0
124.0
124.0
124.0
124.0
124.0
123.0
124.0
124.0
124.0
124.0
124.0
123.0
123.0
124.0
124.0
124.0
124.0
124.0
124.0
124.0
124.0
124.0
124.0
124.0
124.0
124.0
124.0
123.0
124.0
124.0
124.0
124.0
124.0
124.0
124.0
124.0
124.0
124.0
124.0
123.0
124.0
124.0
124.0
123.0
123.0
123.0
123.0
124.0
124.0
124.0
123.0
124.0
124.0
124.0
124.0
124.0
124.0
124.0
124.0
123.0
124.0
124.0
123.0
123.0
123.0
123.0
123.0
123.0
123.0
123.0
125.0
125.0
125.0
125.0
125.0
125.0
125.0
126.0
126.0
126.0
126.0
125.0
125.0
125.0
125.0
124.0
124.0
125.0
125.0
125.0
126.0
126.0
125.0
126.0
126.0
126.0
126.0
126.0
126.0
126.0
126.0
126.0
125.0
125.0
126.0
126.0
126.0
125.0
124.0
124.0
124.0
125.0
125.0
125.0
125.0
125.0
125.0
125.0
125.0
127.0
127.0
124.0
125.0
125.0
125.0
125.0
124.0
124.0
124.0
124.0
124.0
124.0
124.0
124.0
124.0
124.0
124.0
124.0
124.0
124.0
124.0
124.0
124.0
124.0
124.0
124.0
124.0
124.0
124.0
124.0
124.0
124.0
125.0
125.0
124.0
125.0
125.0
125.0
124.0
125.0
124.0
124.0
124.0
124.0
124.0
124.0
124.0
124.0
124.0
124.0
125.0
124.0
124.0
124.0
124.0
126.0
126.0
124.0
125.0
125.0
125.0
126.0
126.0
126.0
124.0
125.0
125.0
125.0
125.0
126.0
126.0
126.0
125.0
125.0
125.0
125.0
126.0
126.0
126.0
126.0
124.0
124.0
125.0
125.0
125.0
125.0
126.0
125.0
124.0
125.0
125.0
126.0
126.0
125.0
125.0
124.0
125.0
124.0
125.0
127.0
127.0
127.0
127.0
127.0
127.0
127.0
127.0
127.0
127.0
126.0
126.0
126.0
126.0
127.0
126.0
126.0
126.0
125.0
125.0
124.0
124.0
124.0
124.0
124.0
124.0
124.0
124.0
124.0
124.0
124.0
124.0
124.0
124.0
124.0
124.0
124.0
124.0
124.0
124.0
124.0
124.0
124.0
124.0
124.0
124.0
124.0
124.0
124.0
124.0
124.0
124.0
124.0
124.0
124.0
124.0
124.0
124.0
124.0
124.0
124.0
124.0
124.0
124.0
124.0
124.0
124.0
124.0
124.0
124.0
124.0
124.0
124.0
124.0
124.0
124.0
124.0
124.0
124.0
124.0
124.0
124.0
124.0
124.0
POINT_DATA 718
CELL_DATA 1305
SCALARS longitude float
LOOKUP_TABLE default
52.840999603271484
52.70199966430664
52.832000732421875
52.66699981689453
52.736000061035156
53.025001525878906
52.542999267578125
52.529998779296875
52.64099884033203
52.92100143432617
52.91899871826172
52.97999954223633
53.11600112915039
52.744998931884766
53.04899978637695
52.81999969482422
52.87099838256836
53.28799819946289
53.106998443603516
53.284000396728516
53.0880012512207
53.2760009765625
53.36199951171875
52.979000091552734
53.38199996948242
53.26300048828125
53.395999908447266
53.61600112915039
53.52000045776367
53.54600143432617
52.9119987487793
53.53799819946289
53.7140007019043
53.882999420166016
53.8120002746582
53.41400146484375
53.38199996948242
53.82500076293945
53.6619987487793
53.560001373291016
53.77799987792969
52.4739990234375
44.987998962402344
45.02299880981445
45.150001525878906
45.275001525878906
45.349998474121094
45.48500061035156
45.58700180053711
45.7400016784668
45.67599868774414
45.60200119018555
45.71799850463867
45.75400161743164
45.63800048828125
45.76499938964844
45.93299865722656
45.965999603271484
46.08599853515625
46.1870002746582
45.957000732421875
45.94200134277344
45.80799865722656
46.082000732421875
46.06700134277344
46.19499969482422
46.25299835205078
46.12900161743164
46.345001220703125
46.290000915527344
46.263999938964844
46.525001525878906
46.46799850463867
46.47700119018555
46.54999923706055
46.63600158691406
46.43299865722656
46.486000061035156
46.750999450683594
46.83100128173828
46.6870002746582
46.59400177001953
46.49300003051758
46.84299850463867
46.76100158691406
47.13199996948242
47.03200149536133
47.10100173950195
47.00199890136719
46.922000885009766
46.68899917602539
47.18000030517578
47.08100128173828
47.07600021362305
46.62099838256836
47.29999923706055
46.89400100708008
46.96200180053711
46.87300109863281
46.650001525878906
47.297000885009766
46.803001403808594
46.77299880981445
47.2760009765625
47.3650016784668
46.99100112915039
47.01499938964844
47.02799987792969
47.42300033569336
47.597999572753906
47.667999267578125
47.470001220703125
47.47600173950195
47.297000885009766
46.803001403808594
47.525001525878906
47.231998443603516
47.02399826049805
46.819000244140625
47.25699996948242
47.30699920654297
47.22999954223633
47.49399948120117
47.54499816894531
47.44200134277344
47.88600158691406
47.67599868774414
47.13399887084961
47.827999114990234
47.808998107910156
47.3380012512207
47.29999923706055
48.09199905395508
47.97600173950195
47.81800079345703
47.2239990234375
48.02399826049805
48.06700134277344
47.90299987792969
48.00699996948242
48.01499938964844
48.08000183105469
47.98500061035156
47.8849983215332
47.54999923706055
47.48500061035156
47.375
48.290000915527344
48.24700164794922
48.178001403808594
48.14699935913086
48.051998138427734
47.917999267578125
47.74399948120117
48.50199890136719
48.305999755859375
48.34400177001953
48.23899841308594
48.266998291015625
47.59299850463867
48.56700134277344
48.391998291015625
48.323001861572266
48.36800003051758
48.34299850463867
48.3129997253418
48.22200012207031
47.71699905395508
47.89699935913086
48.64500045776367
48.54199981689453
48.60200119018555
48.494998931884766
48.10100173950195
47.79100036621094
48.665000915527344
48.71099853515625
48.571998596191406
48.513999938964844
48.43600082397461
48.55699920654297
48.237998962402344
47.869998931884766
47.66400146484375
47.619998931884766
48.97200012207031
48.8380012512207
48.90999984741211
48.433998107910156
48.215999603271484
47.959999084472656
48.00299835205078
48.875999450683594
48.970001220703125
48.77799987792969
48.452999114990234
48.167999267578125
47.71900177001953
48.74700164794922
48.70000076293945
48.54499816894531
48.439998626708984
48.540000915527344
48.28099822998047
48.284000396728516
48.20800018310547
48.1870002746582
47.970001220703125
47.87200164794922
49.37799835205078
49.17100143432617
49.18600082397461
49.12099838256836
49.04100036621094
48.891998291015625
48.85900115966797
48.691001892089844
48.448001861572266
48.301998138427734
47.95600128173828
49.183998107910156
48.97200012207031
48.44499969482422
48.512001037597656
48.27899932861328
48.23899841308594
48.112998962402344
48.14799880981445
49.369998931884766
49.36600112915039
49.21200180053711
49.09400177001953
49.11399841308594
48.96200180053711
48.84000015258789
48.79499816894531
48.56999969482422
48.58100128173828
48.49700164794922
48.444000244140625
48.430999755859375
49.42499923706055
49.202999114990234
48.7130012512207
48.68899917602539
48.6349983215332
48.60200119018555
48.4739990234375
48.40800094604492
48.37799835205078
48.30400085449219
49.63999938964844
49.47800064086914
49.49800109863281
48.4379997253418
48.0890007019043
49.59400177001953
49.612998962402344
49.428001403808594
49.391998291015625
48.895999908447266
48.85200119018555
48.81700134277344
48.59199905395508
48.573001861572266
48.1879997253418
48.38199996948242
49.85599899291992
49.7599983215332
49.5
49.50699996948242
49.310001373291016
49.284000396728516
49.077999114990234
49.10599899291992
48.94499969482422
48.724998474121094
48.724998474121094
50.0629997253418
49.862998962402344
49.6510009765625
49.01599884033203
48.90399932861328
50.220001220703125
50.08000183105469
49.88800048828125
49.76100158691406
49.505001068115234
49.39400100708008
49.20000076293945
49.09600067138672
49.01900100708008
50.125
49.7239990234375
49.54600143432617
49.16600036621094
50.27799987792969
50.141998291015625
50.053001403808594
49.74800109863281
49.24100112915039
50.29899978637695
50.2239990234375
50.25299835205078
49.928001403808594
49.428001403808594
50.12699890136719
49.83700180053711
50.41400146484375
43.59299850463867
43.72100067138672
43.73899841308594
43.77799987792969
43.922000885009766
43.88199996948242
43.92100143432617
44.00699996948242
43.92900085449219
44.04800033569336
44.12200164794922
43.946998596191406
44.03499984741211
44.209999084472656
44.196998596191406
44.22700119018555
44.04499816894531
44.474998474121094
44.36000061035156
44.20199966430664
43.94300079345703
44.422000885009766
44.314998626708984
44.41299819946289
43.9640007019043
44.60499954223633
44.584999084472656
44.5989990234375
44.65399932861328
44.505001068115234
44.57500076293945
44.422000885009766
44.39899826049805
44.30799865722656
44.07099914550781
44.76100158691406
44.53799819946289
44.83399963378906
44.698001861572266
44.724998474121094
44.827999114990234
44.319000244140625
44.196998596191406
44.20399856567383
44.513999938964844
44.96900177001953
44.95600128173828
44.85200119018555
45.047000885009766
44.25699996948242
44.85100173950195
45.106998443603516
45.00299835205078
45.35100173950195
45.13199996948242
44.672000885009766
45.06100082397461
45.167999267578125
44.56700134277344
44.62300109863281
44.29999923706055
44.36600112915039
45.430999755859375
45.316001892089844
45.19599914550781
44.75699996948242
44.35200119018555
45.38199996948242
45.47700119018555
45.36600112915039
45.21099853515625
45.130001068115234
44.97800064086914
44.805999755859375
44.87099838256836
44.88100051879883
44.590999603271484
45.512001037597656
45.5629997253418
45.38199996948242
45.55699920654297
45.665000915527344
45.5
45.42599868774414
45.231998443603516
45.137001037597656
45.66899871826172
44.56100082397461
45.41999816894531
45.487998962402344
45.6879997253418
45.74700164794922
45.14500045776367
44.987998962402344
45.784000396728516
45.637001037597656
45.46799850463867
45.87099838256836
45.965999603271484
45.915000915527344
45.75
46.04800033569336
45.266998291015625
45.994998931884766
45.41299819946289
45.27000045776367
45.13600158691406
45.05400085449219
44.95899963378906
44.84199905395508
46.30099868774414
45.49399948120117
45.630001068115234
45.547000885009766
45.604000091552734
45.301998138427734
45.314998626708984
44.79100036621094
45.85599899291992
46.14699935913086
46.016998291015625
45.823001861572266
46.00600051879883
45.749000549316406
45.66899871826172
45.4900016784668
45.66999816894531
46.2859992980957
46.29100036621094
46.47100067138672
46.013999938964844
45.98899841308594
45.9109992980957
45.35200119018555
46.678001403808594
46.176998138427734
46.13999938964844
45.85100173950195
45.71900177001953
45.858001708984375
45.29499816894531
45.42499923706055
45.05500030517578
46.31999969482422
46.494998931884766
46.1619987487793
46.1150016784668
45.62799835205078
46.277000427246094
46.36600112915039
46.00400161743164
45.89699935913086
45.68199920654297
45.305999755859375
46.48099899291992
45.55400085449219
45.37099838256836
46.055999755859375
46.084999084472656
45.672000885009766
46.733001708984375
46.28099822998047
46.465999603271484
46.53499984741211
46.624000549316406
47.040000915527344
47.064998626708984
46.801998138427734
46.72100067138672
46.862998962402344
47.24700164794922
45.941001892089844
45.85300064086914
45.82899856567383
45.67300033569336
46.45000076293945
46.4119987487793
46.86600112915039
46.67499923706055
46.09299850463867
46.10599899291992
45.952999114990234
45.62300109863281
46.25299835205078
46.61800003051758
46.755001068115234
46.70000076293945
47.07899856567383
46.012001037597656
46.303001403808594
46.512001037597656
46.35300064086914
46.56999969482422
47.09400177001953
47.23699951171875
46.81100082397461
46.297000885009766
45.86199951171875
45.88399887084961
46.87900161743164
47.249000549316406
47.49100112915039
46.755001068115234
46.7239990234375
46.84299850463867
46.888999938964844
46.882999420166016
46.819000244140625
47.05099868774414
46.448001861572266
46.25299835205078
46.630001068115234
46.64500045776367
47.17499923706055
47.23899841308594
47.000999450683594
47.016998291015625
46.85200119018555
46.92900085449219
46.93899917602539
46.862998962402344
47.000999450683594
46.41600036621094
46.729000091552734
47.48899841308594
47.66299819946289
47.12200164794922
46.775001525878906
46.68899917602539
47.5260009765625
47.016998291015625
46.92499923706055
47.0890007019043
47.082000732421875
47.244998931884766
47.08599853515625
47.20600128173828
47.15700149536133
47.224998474121094
46.930999755859375
47.65800094604492
47.65999984741211
47.314998626708984
47.527000427246094
47.02000045776367
47.22200012207031
47.27799987792969
46.847999572753906
47.92100143432617
47.59700012207031
47.4379997253418
47.930999755859375
47.14699935913086
47.14500045776367
47.430999755859375
47.40700149536133
47.393001556396484
47.49100112915039
47.54199981689453
47.69499969482422
48.053001403808594
47.4370002746582
47.369998931884766
47.3120002746582
47.487998962402344
47.56399917602539
47.74800109863281
47.7859992980957
48.23500061035156
48.060001373291016
47.22999954223633
47.525001525878906
47.582000732421875
47.566001892089844
47.71200180053711
47.92900085449219
48.02000045776367
47.41600036621094
47.47800064086914
47.775001525878906
47.814998626708984
47.77799987792969
47.902000427246094
47.696998596191406
47.63399887084961
48.33300018310547
47.94499969482422
48.073001861572266
47.525001525878906
47.77299880981445
47.82500076293945
48.00199890136719
48.24100112915039
48.209999084472656
47.85300064086914
47.922000885009766
47.676998138427734
47.63600158691406
47.672000885009766
48.073001861572266
47.96200180053711
48.05400085449219
48.130001068115234
47.96699905395508
48.5890007019043
48.54800033569336
48.12099838256836
48.03099822998047
47.974998474121094
48.327999114990234
48.404998779296875
48.0
47.801998138427734
48.16999816894531
48.70100021362305
48.349998474121094
48.361000061035156
48.11600112915039
48.20100021362305
48.034000396728516
48.12900161743164
48.38399887084961
48.005001068115234
48.731998443603516
49.00899887084961
48.87799835205078
49.08000183105469
48.48699951171875
48.266998291015625
48.28499984741211
48.391998291015625
48.1879997253418
48.26599884033203
48.375
48.29499816894531
48.707000732421875
48.86800003051758
48.534000396728516
48.27399826049805
48.40599822998047
48.36000061035156
48.555999755859375
48.42499923706055
48.49399948120117
48.48400115966797
48.558998107910156
48.85300064086914
49.066001892089844
49.18000030517578
48.6619987487793
48.60900115966797
48.606998443603516
48.54199981689453
48.62900161743164
48.720001220703125
49.39099884033203
48.74300003051758
48.85200119018555
49.12799835205078
49.4630012512207
49.33300018310547
48.67900085449219
48.77899932861328
48.742000579833984
48.784000396728516
48.69499969482422
48.97999954223633
48.869998931884766
48.72700119018555
49.58399963378906
49.00899887084961
49.64500045776367
48.972999572753906
48.87900161743164
49.00699996948242
48.915000915527344
49.12799835205078
48.88199996948242
48.96500015258789
48.90700149536133
49.67499923706055
49.768001556396484
49.505001068115234
49.053001403808594
49.28300094604492
49.1609992980957
49.04600143432617
49.3120002746582
49.763999938964844
49.09700012207031
49.5989990234375
49.481998443603516
49.374000549316406
49.5099983215332
49.382999420166016
49.2599983215332
49.1619987487793
49.43299865722656
49.26100158691406
49.25400161743164
49.3390007019043
49.10200119018555
49.196998596191406
49.45500183105469
49.52000045776367
49.85499954223633
49.20600128173828
49.23699951171875
49.654998779296875
49.49300003051758
49.55799865722656
49.70399856567383
49.672000885009766
49.7599983215332
49.70000076293945
49.52199935913086
49.534000396728516
49.404998779296875
49.50699996948242
49.375999450683594
50.08700180053711
49.96200180053711
49.88600158691406
49.57699966430664
49.65399932861328
49.99700164794922
49.97700119018555
49.518001556396484
49.297000885009766
49.834999084472656
49.9379997253418
49.74399948120117
49.86899948120117
49.70199966430664
50.20399856567383
50.10499954223633
50.11399841308594
49.9640007019043
49.83399963378906
49.678001403808594
49.650001525878906
49.48099899291992
49.44599914550781
49.816001892089844
49.933998107910156
49.97600173950195
49.981998443603516
49.92100143432617
50.02799987792969
50.14400100708008
50.24100112915039
50.14500045776367
50.37699890136719
50.40299987792969
50.38399887084961
49.994998931884766
49.84000015258789
50.07899856567383
50.02000045776367
49.95199966430664
49.994998931884766
49.630001068115234
50.00600051879883
50.07899856567383
50.28799819946289
50.20199966430664
50.284000396728516
50.5369987487793
50.56800079345703
50.54100036621094
50.25
50.20800018310547
50.25199890136719
50.19599914550781
49.983001708984375
49.856998443603516
50.439998626708984
50.560001373291016
50.49100112915039
50.433998107910156
50.3129997253418
50.44300079345703
50.441001892089844
50.51100158691406
50.37699890136719
50.11399841308594
50.152000427246094
50.2760009765625
50.22800064086914
50.58700180053711
50.676998138427734
50.715999603271484
49.89400100708008
49.66699981689453
50.21500015258789
50.66999816894531
50.8380012512207
50.79199981689453
50.797000885009766
50.446998596191406
50.415000915527344
50.47200012207031
50.6879997253418
50.15800094604492
50.25199890136719
50.83399963378906
50.93899917602539
51.02199935913086
50.67399978637695
50.87099838256836
50.922000885009766
50.262001037597656
51.154998779296875
50.946998596191406
50.49300003051758
50.45100021362305
50.630001068115234
50.58399963378906
50.7869987487793
50.86000061035156
50.680999755859375
50.665000915527344
51.111000061035156
51.21799850463867
50.4739990234375
50.79399871826172
50.84600067138672
50.91999816894531
51.242000579833984
50.611000061035156
51.29899978637695
50.83100128173828
50.987998962402344
44.81999969482422
45.32600021362305
45.21799850463867
45.415000915527344
45.391998291015625
45.58000183105469
45.731998443603516
46.06399917602539
46.25699996948242
46.60599899291992
46.6510009765625
46.483001708984375
46.709999084472656
46.85599899291992
46.99599838256836
47.117000579833984
47.40599822998047
47.63399887084961
47.652000427246094
47.749000549316406
48.19900131225586
48.4630012512207
48.51100158691406
48.59299850463867
48.76499938964844
48.91699981689453
49.15999984741211
49.39400100708008
49.659000396728516
49.944000244140625
49.78799819946289
50.034000396728516
50.233001708984375
50.40700149536133
50.20899963378906
50.65399932861328
44.55400085449219
44.80099868774414
45.018001556396484
44.880001068115234
45.09700012207031
45.2859992980957
45.61899948120117
45.47999954223633
45.82699966430664
46.13100051879883
46.382999420166016
46.612998962402344
46.737998962402344
46.856998443603516
46.93899917602539
47.058998107910156
47.22100067138672
47.69300079345703
47.92499923706055
48.137001037597656
48.319000244140625
48.66899871826172
48.81800079345703
48.9900016784668
49.18000030517578
49.400001525878906
49.5369987487793
49.64099884033203
49.86600112915039
50.2599983215332
50.375999450683594
51.03300094604492
50.77899932861328
47.494998931884766
47.564998626708984
47.400001525878906
47.685001373291016
47.55799865722656
47.50600051879883
47.42399978637695
47.2400016784668
47.084999084472656
47.79600143432617
47.558998107910156
47.7869987487793
47.65800094604492
47.742000579833984
47.45899963378906
48.04899978637695
48.01300048828125
47.90700149536133
47.66299819946289
47.518001556396484
47.43299865722656
47.683998107910156
48.34400177001953
48.21799850463867
47.80099868774414
47.52899932861328
47.82500076293945
48.01100158691406
48.07600021362305
48.474998474121094
47.72200012207031
48.62200164794922
48.50600051879883
48.69300079345703
48.35100173950195
48.12799835205078
47.987998962402344
47.73899841308594
49.00600051879883
48.91400146484375
48.55799865722656
48.38800048828125
48.279998779296875
48.10300064086914
47.900001525878906
48.62900161743164
48.959999084472656
48.78799819946289
49.22700119018555
48.62200164794922
48.07699966430664
47.91999816894531
48.89799880981445
48.895999908447266
48.76599884033203
48.36899948120117
48.25899887084961
49.65599822998047
49.5620002746582
48.2869987487793
48.17300033569336
49.22100067138672
48.81399917602539
49.3489990234375
49.196998596191406
49.37099838256836
50.28099822998047
50.35300064086914
50.314998626708984
50.14899826049805
50.11899948120117
50.007999420166016
49.9640007019043
49.80799865722656
49.97800064086914
49.834999084472656
49.61899948120117
49.52299880981445
48.891998291015625
48.70000076293945
48.58599853515625
50.374000549316406
49.979000091552734
48.417999267578125
48.56399917602539
48.42900085449219
49.374000549316406
49.2599983215332
49.11000061035156
49.042999267578125
50.566001892089844
50.55400085449219
50.14699935913086
49.67399978637695
49.63999938964844
48.696998596191406
48.492000579833984
49.1609992980957
50.729000091552734
50.71099853515625
49.941001892089844
49.82400131225586
48.887001037597656
48.60900115966797
49.358001708984375
49.28099822998047
49.38800048828125
49.599998474121094
50.97200012207031
50.56999969482422
50.40800094604492
50.31399917602539
50.40999984741211
50.62900161743164
49.72100067138672
49.25899887084961
49.111000061035156
49.0369987487793
48.54999923706055
50.327999114990234
50.14799880981445
50.13399887084961
49.922000885009766
50.025001525878906
49.70000076293945
49.71699905395508
49.60200119018555
49.85300064086914
49.465999603271484
49.33100128173828
48.77299880981445
49.6150016784668
49.47100067138672
49.88600158691406
48.98899841308594
48.79100036621094
49.15999984741211
48.94900131225586
50.23699951171875
50.007999420166016
49.56999969482422
49.30500030517578
50.2599983215332
50.27299880981445
50.02199935913086
49.9119987487793
49.71799850463867
49.75899887084961
50.12799835205078
49.90399932861328
49.46200180053711
49.89500045776367
49.78799819946289
49.459999084472656
49.58000183105469
49.58599853515625
49.28499984741211
48.78200149536133
48.79800033569336
48.9119987487793
48.928001403808594
52.34700012207031
52.49599838256836
52.3849983215332
52.500999450683594
52.34299850463867
52.301998138427734
52.08000183105469
52.402000427246094
52.58599853515625
52.42100143432617
52.448001861572266
52.28799819946289
52.35900115966797
52.266998291015625
52.52199935913086
51.98699951171875
52.111000061035156
52.117000579833984
52.224998474121094
52.04899978637695
52.66899871826172
52.64699935913086
52.145999908447266
51.89899826049805
51.94499969482422
52.05099868774414
52.0620002746582
51.94900131225586
51.95899963378906
51.979000091552734
51.9119987487793
52.09299850463867
51.715999603271484
51.9900016784668
52.18299865722656
52.185001373291016
52.25199890136719
52.0890007019043
51.59600067138672
51.654998779296875
51.849998474121094
51.76900100708008
51.856998443603516
51.71900177001953
51.779998779296875
51.96500015258789
51.83000183105469
51.922000885009766
51.79600143432617
50.48899841308594
50.48400115966797
46.20199966430664
46.4379997253418
46.21200180053711
46.74100112915039
46.99700164794922
46.41699981689453
47.00299835205078
47.2239990234375
46.91600036621094
46.744998931884766
47.63600158691406
47.62699890136719
47.43199920654297
47.48899841308594
47.367000579833984
47.13600158691406
47.79999923706055
47.672000885009766
47.834999084472656
47.222999572753906
48.06100082397461
47.965999603271484
47.97700119018555
47.8849983215332
48.034000396728516
48.18899917602539
48.18600082397461
48.30699920654297
48.26900100708008
48.494998931884766
48.50899887084961
48.57699966430664
48.69900131225586
48.60499954223633
48.86000061035156
48.93899917602539
49.07600021362305
48.89899826049805
49.19200134277344
48.779998779296875
49.02000045776367
49.314998626708984
49.2400016784668
49.64099884033203
49.47999954223633
49.875
49.96200180053711
50.21200180053711
50.0620002746582
51.13600158691406
50.4119987487793
50.52000045776367
50.42399978637695
50.35499954223633
51.316001892089844
51.305999755859375
50.57600021362305
50.88399887084961
51.14500045776367
51.095001220703125
51.40399932861328
51.46799850463867
51.303001403808594
50.790000915527344
50.97999954223633
51.03300094604492
51.27799987792969
51.071998596191406
51.446998596191406
51.51599884033203
51.57899856567383
51.47700119018555
51.16299819946289
51.21500015258789
51.305999755859375
51.61000061035156
51.529998779296875
51.676998138427734
51.64899826049805
50.86899948120117
51.02799987792969
51.18199920654297
51.24399948120117
51.25199890136719
51.22100067138672
51.75
51.404998779296875
51.08100128173828
51.50699996948242
51.553001403808594
51.77899932861328
51.87099838256836
51.369998931884766
51.388999938964844
51.375999450683594
51.63100051879883
51.57400131225586
51.54899978637695
50.7239990234375
50.91299819946289
50.775001525878906
51.05099868774414
50.861000061035156
51.097999572753906
51.08000183105469
51.284000396728516
51.512001037597656
51.624000549316406
50.757999420166016
50.91699981689453
51.2400016784668
51.486000061035156
51.41299819946289
51.73099899291992
51.76300048828125
51.82099914550781
51.555999755859375
51.81100082397461
46.74300003051758
46.94499969482422
47.178001403808594
47.42399978637695
47.37200164794922
47.24399948120117
46.95199966430664
46.85300064086914
47.689998626708984
47.5890007019043
47.45000076293945
47.641998291015625
47.55500030517578
47.292999267578125
47.99300003051758
47.90399932861328
47.869998931884766
47.79600143432617
47.74100112915039
47.305999755859375
47.18600082397461
48.09600067138672
48.0629997253418
47.92599868774414
48.22100067138672
48.4630012512207
48.27199935913086
48.349998474121094
48.57500076293945
48.51499938964844
48.77399826049805
48.68899917602539
48.92399978637695
48.86800003051758
48.95800018310547
49.39699935913086
49.21500015258789
49.474998474121094
49.638999938964844
49.89899826049805
49.70800018310547
50.077999114990234
50.04999923706055
49.94499969482422
49.847999572753906
49.7130012512207
50.012001037597656
50.21699905395508
50.32099914550781
50.35900115966797
50.22700119018555
50.231998443603516
50.499000549316406
50.516998291015625
50.60900115966797
50.52799987792969
50.64799880981445
50.86899948120117
51.03499984741211
50.874000549316406
51.025001525878906
51.20100021362305
51.308998107910156
51.292999267578125
POINT_DATA 718
CELL_DATA 1305
SCALARS latitude float
LOOKUP_TABLE default
-2.993000030517578
-3.0899999141693115
-2.8489999771118164
-1.6299999952316284
-1.8530000448226929
-2.808000087738037
-0.6110000014305115
-0.7789999842643738
-0.9509999752044678
-2.4609999656677246
-2.6570000648498535
-1.8589999675750732
-2.0360000133514404
-0.9639999866485596
-1.5369999408721924
-1.2890000343322754
-1.4550000429153442
-2.506999969482422
-2.375999927520752
-1.7949999570846558
-1.7170000076293945
-1.9919999837875366
-2.132999897003174
-1.1399999856948853
-2.309000015258789
-1.437000036239624
-1.7990000247955322
-2.13100004196167
-2.061000108718872
-1.9240000247955322
-1.034000039100647
-2.2799999713897705
-1.8539999723434448
-1.8389999866485596
-1.9780000448226929
-1.621000051498413
-1.225000023841858
-1.690999984741211
-1.4539999961853027
-1.440000057220459
-1.5959999561309814
-1.6069999933242798
-4.47599983215332
-4.630000114440918
-4.401000022888184
-4.5960001945495605
-4.73199987411499
-4.677999973297119
-4.835000038146973
-4.7270002365112305
-4.974999904632568
-5.065999984741211
-5.146999835968018
-4.4670000076293945
-4.570000171661377
-5.334000110626221
-5.107999801635742
-5.184999942779541
-4.419000148773193
-4.566999912261963
-4.770999908447266
-4.916999816894531
-5.4720001220703125
-4.96999979019165
-5.396999835968018
-5.125999927520752
-5.201000213623047
-5.579999923706055
-4.738999843597412
-4.953000068664551
-5.607999801635742
-4.610000133514404
-4.74399995803833
-5.136000156402588
-4.960999965667725
-5.622000217437744
-5.800000190734863
-5.8979997634887695
-4.659999847412109
-4.735000133514404
-4.9019999504089355
-5.296000003814697
-5.491000175476074
-4.533999919891357
-5.136000156402588
-4.560999870300293
-4.499000072479248
-4.633999824523926
-4.714000225067139
-5.173999786376953
-5.890999794006348
-4.741000175476074
-4.821000099182129
-4.982999801635742
-6.057000160217285
-4.748000144958496
-5.609000205993652
-5.754000186920166
-5.874000072479248
-6.236999988555908
-4.4679999351501465
-6.250999927520752
-6.414000034332275
-4.544000148773193
-4.624000072479248
-5.446000099182129
-5.993000030517578
-6.0980000495910645
-4.435999870300293
-4.63100004196167
-4.738999843597412
-4.8420000076293945
-5.013000011444092
-5.076000213623047
-6.642000198364258
-4.934000015258789
-5.318999767303467
-6.428999900817871
-6.830999851226807
-5.822999954223633
-5.960000038146973
-6.14300012588501
-5.427000045776367
-5.691999912261963
-6.0320000648498535
-4.75600004196167
-5.2179999351501465
-7.051000118255615
-5.306000232696533
-5.743000030517578
-6.2769999504089355
-6.416999816894531
-4.659999847412109
-5.706999778747559
-5.88100004196167
-6.811999797821045
-4.504000186920166
-4.873000144958496
-4.948999881744385
-5.117000102996826
-5.565999984741211
-5.824999809265137
-5.874000072479248
-6.0
-6.165999889373779
-6.611000061035156
-7.150000095367432
-5.177000045776367
-5.315999984741211
-5.500999927520752
-5.639999866485596
-5.993000030517578
-6.177000045776367
-6.2779998779296875
-4.624000072479248
-4.701000213623047
-4.827000141143799
-5.866000175476074
-5.822000026702881
-7.091000080108643
-4.863999843597412
-5.390999794006348
-5.576000213623047
-5.730000019073486
-5.836999893188477
-5.9720001220703125
-6.048999786376953
-6.584000110626221
-6.686999797821045
-4.9679999351501465
-5.065999984741211
-5.241000175476074
-5.427000045776367
-6.296000003814697
-6.894000053405762
-4.730000019073486
-5.230000019073486
-5.640999794006348
-5.758999824523926
-5.927000045776367
-5.901000022888184
-6.175000190734863
-7.201000213623047
-7.291999816894531
-7.550000190734863
-4.939000129699707
-4.933000087738037
-5.041999816894531
-6.01800012588501
-6.418000221252441
-6.98199987411499
-7.301000118255615
-4.684000015258789
-4.7820000648498535
-5.34499979019165
-6.373000144958496
-6.585999965667725
-7.6620001792907715
-5.571000099182129
-5.929999828338623
-6.111999988555908
-6.190999984741211
-6.267000198364258
-6.666999816894531
-6.875999927520752
-6.999000072479248
-7.261000156402588
-7.484000205993652
-7.583000183105469
-4.53000020980835
-4.710999965667725
-4.822000026702881
-5.0279998779296875
-5.265999794006348
-5.644000053405762
-5.823999881744385
-6.050000190734863
-6.860000133514404
-7.177999973297119
-7.797999858856201
-5.13700008392334
-5.848999977111816
-6.650000095367432
-6.9720001220703125
-7.375999927520752
-7.455999851226807
-7.525000095367432
-7.607999801635742
-4.835000038146973
-4.938000202178955
-5.4029998779296875
-5.554999828338623
-5.788000106811523
-6.017000198364258
-6.111999988555908
-6.25
-6.525000095367432
-6.876999855041504
-7.177999973297119
-7.26200008392334
-7.355999946594238
-5.144000053405762
-5.673999786376953
-6.560999870300293
-6.734000205993652
-6.9679999351501465
-7.126999855041504
-7.4019999504089355
-7.520999908447266
-7.4730000495910645
-7.5879998207092285
-4.751999855041504
-5.026000022888184
-5.330999851226807
-7.6519999504089355
-7.7820000648498535
-5.138000011444092
-5.361000061035156
-5.460000038146973
-5.625999927520752
-6.46999979019165
-6.7230000495910645
-6.84499979019165
-7.418000221252441
-7.497000217437744
-7.923999786376953
-7.814000129699707
-4.820000171661377
-5.208000183105469
-5.686999797821045
-5.795000076293945
-5.8480000495910645
-6.020999908447266
-6.127999782562256
-6.303999900817871
-6.330999851226807
-7.175000190734863
-7.335999965667725
-4.824999809265137
-5.059999942779541
-5.551000118255615
-6.584000110626221
-6.956999778747559
-4.73199987411499
-5.166999816894531
-5.448999881744385
-5.570000171661377
-6.105999946594238
-6.276000022888184
-6.368000030517578
-6.723999977111816
-6.97599983215332
-5.00600004196167
-5.752999782562256
-6.341000080108643
-6.629000186920166
-5.172999858856201
-5.3520002365112305
-5.486999988555908
-5.890999794006348
-6.829999923706055
-5.354000091552734
-5.538000106811523
-5.644999980926514
-5.883999824523926
-6.632999897003174
-5.751999855041504
-6.164000034332275
-5.464000225067139
-3.130000114440918
-3.0329999923706055
-3.1549999713897705
-3.0230000019073486
-3.2320001125335693
-3.3949999809265137
-3.072000026702881
-3.484999895095825
-3.6989998817443848
-3.1600000858306885
-3.811000108718872
-2.9200000762939453
-3.01200008392334
-3.13100004196167
-3.447000026702881
-3.693000078201294
-2.8320000171661377
-3.119999885559082
-3.171999931335449
-3.0420000553131104
-2.687000036239624
-3.2760000228881836
-3.38100004196167
-3.7929999828338623
-2.4159998893737793
-3.0759999752044678
-3.140000104904175
-3.3239998817443848
-3.509999990463257
-3.559000015258789
-3.7249999046325684
-3.0209999084472656
-2.9110000133514404
-2.930000066757202
-2.4709999561309814
-3.115000009536743
-3.00600004196167
-3.2049999237060547
-3.2090001106262207
-3.2939999103546143
-3.5759999752044678
-2.747999906539917
-2.7339999675750732
-2.575000047683716
-2.8970000743865967
-3.3429999351501465
-3.7300000190734863
-3.8299999237060547
-3.885999917984009
-2.4649999141693115
-2.993000030517578
-3.4110000133514404
-3.4820001125335693
-3.446000099182129
-3.635999917984009
-2.8440001010894775
-3.253999948501587
-3.306999921798706
-2.6760001182556152
-2.5350000858306885
-2.244999885559082
-2.4110000133514404
-3.559000015258789
-3.677999973297119
-3.2070000171661377
-2.6760001182556152
-2.115999937057495
-3.0910000801086426
-3.441999912261963
-3.190000057220459
-3.1080000400543213
-2.9760000705718994
-2.9030001163482666
-2.2070000171661377
-2.5480000972747803
-2.4089999198913574
-2.0920000076293945
-3.296999931335449
-3.4079999923706055
-3.259999990463257
-3.555000066757202
-3.818000078201294
-3.74399995803833
-3.8239998817443848
-2.8440001010894775
-2.7039999961853027
-4.004000186920166
-1.8380000591278076
-2.930999994277954
-3.0460000038146973
-3.622999906539917
-3.9140000343322754
-2.3429999351501465
-2.0899999141693115
-3.1510000228881836
-3.062999963760376
-2.878999948501587
-3.503999948501587
-3.7209999561309814
-3.6070001125335693
-3.2699999809265137
-3.816999912261963
-2.3389999866485596
-3.437000036239624
-2.6500000953674316
-2.562000036239624
-2.1519999504089355
-1.86899995803833
-1.559000015258789
-1.7319999933242798
-3.8580000400543213
-2.5250000953674316
-2.4800000190734863
-2.0209999084472656
-2.315000057220459
-1.8580000400543213
-2.010999917984009
-1.4229999780654907
-2.7790000438690186
-3.1470000743865967
-2.9040000438690186
-2.940000057220459
-3.069999933242798
-2.5179998874664307
-2.7920000553131104
-2.1579999923706055
-2.177000045776367
-3.4230000972747803
-3.553999900817871
-3.7769999504089355
-2.578000068664551
-2.359999895095825
-2.2860000133514404
-1.6740000247955322
-3.8940000534057617
-2.61899995803833
-2.4539999961853027
-1.9609999656677246
-1.8919999599456787
-2.109999895095825
-1.2400000095367432
-1.5069999694824219
-1.2730000019073486
-3.053999900817871
-3.427000045776367
-2.071000099182129
-2.234999895095825
-1.6119999885559082
-2.5299999713897705
-2.806999921798706
-1.9290000200271606
-1.4229999780654907
-1.3760000467300415
-1.0110000371932983
-3.183000087738037
-0.906000018119812
-0.8519999980926514
-1.5709999799728394
-1.7740000486373901
-1.0959999561309814
-3.505000114440918
-1.74399995803833
-2.2699999809265137
-2.377000093460083
-2.8239998817443848
-3.740999937057495
-3.9240000247955322
-3.740999937057495
-3.0829999446868896
-3.3580000400543213
-3.9619998931884766
-1.156000018119812
-0.8519999980926514
-1.0210000276565552
-0.75
-1.899999976158142
-2.071000099182129
-3.180999994277954
-2.3570001125335693
-0.8820000290870667
-1.0640000104904175
-0.8050000071525574
-0.6159999966621399
-1.5410000085830688
-1.7940000295639038
-2.7170000076293945
-2.549999952316284
-3.50600004196167
-0.6399999856948853
-1.1610000133514404
-1.434000015258789
-1.4010000228881836
-1.5549999475479126
-3.118000030517578
-3.494999885559082
-2.2769999504089355
-0.8339999914169312
-0.5529999732971191
-0.4129999876022339
-2.4619998931884766
-3.2829999923706055
-3.934999942779541
-1.3240000009536743
-1.4630000591278076
-1.534000039100647
-1.6770000457763672
-2.062000036239624
-1.8450000286102295
-2.3610000610351562
-0.9909999966621399
-0.671999990940094
-1.0729999542236328
-1.2760000228881836
-2.7339999675750732
-2.924999952316284
-2.486999988555908
-2.7219998836517334
-1.0579999685287476
-1.2660000324249268
-1.4220000505447388
-1.2389999628067017
-2.121000051498413
-0.5649999976158142
-0.9399999976158142
-3.562000036239624
-3.805000066757202
-1.4160000085830688
-0.7459999918937683
-0.6159999966621399
-3.256999969482422
-0.7160000205039978
-0.9649999737739563
-1.0329999923706055
-1.1519999504089355
-1.2209999561309814
-1.7300000190734863
-2.4089999198913574
-2.052999973297119
-1.871000051498413
-0.7820000052452087
-3.390000104904175
-3.6519999504089355
-2.546999931335449
-3.010999917984009
-0.5839999914169312
-1.5800000429153442
-2.249000072479248
-0.5199999809265137
-3.617000102996826
-2.694000005722046
-2.565999984741211
-3.9159998893737793
-0.5199999809265137
-0.8610000014305115
-1.1770000457763672
-1.5859999656677246
-1.815000057220459
-2.303999900817871
-2.4839999675750732
-2.9040000438690186
-3.7049999237060547
-0.6679999828338623
-0.8180000185966492
-0.546999990940094
-1.8550000190734863
-2.13100004196167
-2.5869998931884766
-2.690000057220459
-3.950000047683716
-3.8510000705718994
-0.38499999046325684
-0.9829999804496765
-1.2790000438690186
-1.4479999542236328
-2.197999954223633
-3.322000026702881
-3.4600000381469727
-0.3409999907016754
-0.460999995470047
-1.8170000314712524
-1.9670000076293945
-2.071000099182129
-2.359999895095825
-1.5410000085830688
-1.718000054359436
-3.7799999713897705
-2.9779999256134033
-3.134000062942505
-0.24899999797344208
-0.8899999856948853
-1.1820000410079956
-2.806999921798706
-3.4800000190734863
-3.6500000953674316
-0.5929999947547913
-0.9879999756813049
-0.25200000405311584
-0.40400001406669617
-0.5360000133514404
-1.2829999923706055
-1.4730000495910645
-2.052999973297119
-2.197000026702881
-2.2330000400543213
-3.447999954223633
-3.7360000610351562
-2.7869999408721924
-2.5179998874664307
-2.63100004196167
-3.11299991607666
-3.319999933242798
-0.19900000095367432
-0.12200000137090683
-1.9600000381469727
-3.875
-2.5369999408721924
-2.7950000762939453
-0.11900000274181366
-0.5789999961853027
-0.4560000002384186
-1.6269999742507935
-2.3420000076293945
-1.7929999828338623
-3.369999885559082
-3.8269999027252197
-3.746999979019165
-3.9619998931884766
-2.940000057220459
-0.6990000009536743
-0.871999979019165
-1.440999984741211
-0.9850000143051147
-1.2100000381469727
-1.777999997138977
-1.7940000295639038
-3.069999933242798
-3.5309998989105225
-2.6579999923706055
-0.2070000022649765
-0.4189999997615814
-0.5370000004768372
-0.7229999899864197
-0.6570000052452087
-0.9449999928474426
-1.4119999408721924
-1.9950000047683716
-2.9670000076293945
-3.437999963760376
-3.621000051498413
-2.263000011444092
-2.4070000648498535
-0.8389999866485596
-1.152999997138977
-1.6100000143051147
-1.8569999933242798
-3.6570000648498535
-2.6059999465942383
-2.7130000591278076
-3.2219998836517334
-3.9030001163482666
-3.885999917984009
-0.6759999990463257
-0.7699999809265137
-0.9020000100135803
-1.0549999475479126
-1.1990000009536743
-1.4739999771118164
-1.5839999914169312
-1.4450000524520874
-3.555999994277954
-3.052000045776367
-3.8450000286102295
-0.8529999852180481
-0.7110000252723694
-1.2239999771118164
-1.065000057220459
-1.687999963760376
-1.8580000400543213
-1.9900000095367432
-2.25600004196167
-3.309999942779541
-3.6640000343322754
-3.309999942779541
-2.509999990463257
-2.947999954223633
-2.8940000534057617
-2.753000020980835
-3.115999937057495
-3.765000104904175
-0.7379999756813049
-1.5709999799728394
-1.38100004196167
-1.3580000400543213
-1.5089999437332153
-1.156999945640564
-1.0850000381469727
-1.2549999952316284
-1.6390000581741333
-1.4129999876022339
-1.5959999561309814
-1.7380000352859497
-1.9299999475479126
-2.075000047683716
-2.552999973297119
-3.071000099182129
-3.5329999923706055
-2.3889999389648438
-0.8230000138282776
-1.2999999523162842
-1.0520000457763672
-1.2330000400543213
-1.4859999418258667
-1.569000005722046
-1.7740000486373901
-1.8980000019073486
-1.7020000219345093
-1.8240000009536743
-1.9010000228881836
-2.1589999198913574
-2.0290000438690186
-3.4809999465942383
-3.687999963760376
-2.9509999752044678
-2.36899995803833
-2.937999963760376
-3.1640000343322754
-3.427000045776367
-0.7409999966621399
-0.375
-1.5219999551773071
-1.6339999437332153
-1.2089999914169312
-2.180000066757202
-2.1059999465942383
-3.312999963760376
-3.759000062942505
-3.936000108718872
-2.697999954223633
-0.9120000004768372
-0.6150000095367432
-0.8989999890327454
-0.5090000033378601
-0.27399998903274536
-1.0399999618530273
-1.2710000276565552
-1.3969999551773071
-1.7970000505447388
-1.8880000114440918
-2.0859999656677246
-2.7750000953674316
-3.0880000591278076
-2.993000030517578
-3.4079999923706055
-3.6470000743865967
-3.999000072479248
-2.4679999351501465
-2.36899995803833
-0.9269999861717224
-0.7269999980926514
-0.6110000014305115
-0.8460000157356262
-0.40700000524520874
-1.027999997138977
-1.1330000162124634
-2.296999931335449
-2.4019999504089355
-2.615999937057495
-3.302000045776367
-3.763000011444092
-3.937999963760376
-1.5
-1.6770000457763672
-1.8389999866485596
-2.1659998893737793
-0.48399999737739563
-0.38600000739097595
-2.3369998931884766
-2.4809999465942383
-2.6549999713897705
-3.071000099182129
-1.225000023841858
-1.465999960899353
-1.9220000505447388
-2.2039999961853027
-2.1040000915527344
-0.46000000834465027
-0.6570000052452087
-0.765999972820282
-0.9169999957084656
-2.9170000553131104
-2.058000087738037
-2.1440000534057617
-0.25
-0.15600000321865082
-0.5170000195503235
-2.434000015258789
-3.0269999504089355
-3.446000099182129
-3.6679999828338623
-0.7680000066757202
-1.0210000276565552
-1.2009999752044678
-1.8619999885559082
-0.2639999985694885
-0.375
-2.5329999923706055
-3.325000047683716
-3.755000114440918
-1.6690000295639038
-2.0179998874664307
-2.2769999504089355
-0.16899999976158142
-3.450000047683716
-2.8329999446868896
-0.35600000619888306
-0.4390000104904175
-0.5170000195503235
-0.6930000185966492
-1.3389999866485596
-1.565999984741211
-1.0959999561309814
-0.9940000176429749
-2.9549999237060547
-3.2739999294281006
-0.16099999845027924
-0.8379999995231628
-1.027999997138977
-1.2740000486373901
-2.864000082015991
-0.23600000143051147
-2.61299991607666
-0.1809999942779541
-0.800000011920929
-4.396999835968018
-4.446000099182129
-4.267000198364258
-4.38100004196167
-4.27400016784668
-4.331999778747559
-4.327000141143799
-4.28000020980835
-4.2179999351501465
-4.284999847412109
-4.440999984741211
-4.453999996185303
-4.242000102996826
-4.263999938964844
-4.369999885559082
-4.355000019073486
-4.293000221252441
-4.28000020980835
-4.422999858856201
-4.489999771118164
-4.401000022888184
-4.480999946594238
-4.177999973297119
-4.357999801635742
-4.36899995803833
-4.493000030517578
-4.354000091552734
-4.3480000495910645
-4.46999979019165
-4.255000114440918
-4.589000225067139
-4.53000020980835
-4.414000034332275
-4.484000205993652
-4.599999904632568
-4.47599983215332
-4.050000190734863
-4.078000068664551
-3.9590001106262207
-4.22599983215332
-4.10699987411499
-4.117000102996826
-4.211999893188477
-4.189000129699707
-4.091000080108643
-4.105999946594238
-4.021999835968018
-4.090000152587891
-4.043000221252441
-4.129000186920166
-4.080999851226807
-4.201000213623047
-4.170000076293945
-4.130000114440918
-4.114999771118164
-4.230000019073486
-4.129000186920166
-4.070000171661377
-4.172999858856201
-4.116000175476074
-4.171999931335449
-4.035999774932861
-4.125
-4.033999919891357
-4.076000213623047
-4.171000003814697
-4.26200008392334
-3.9140000343322754
-4.002999782562256
0.6489999890327454
0.593999981880188
0.6110000014305115
0.578000009059906
0.7369999885559082
0.7129999995231628
0.7720000147819519
0.8619999885559082
0.8420000076293945
0.6060000061988831
0.8410000205039978
0.6850000023841858
0.7379999756813049
0.8410000205039978
0.8650000095367432
0.765999972820282
0.6800000071525574
0.875
0.9079999923706055
0.9769999980926514
1.003999948501587
1.0219999551773071
0.7210000157356262
0.7910000085830688
1.0980000495910645
1.187999963760376
1.253000020980835
1.0110000371932983
0.8999999761581421
0.8399999737739563
1.315999984741211
0.871999979019165
1.0110000371932983
0.718999981880188
1.1349999904632568
1.1440000534057617
1.3420000076293945
1.4950000047683716
0.6380000114440918
0.7919999957084656
1.406999945640564
1.3969999551773071
1.6109999418258667
1.5460000038146973
1.6649999618530273
1.1950000524520874
1.0160000324249268
1.055999994277954
0.7379999756813049
1.5440000295639038
1.722000002861023
1.8860000371932983
1.3660000562667847
1.2100000381469727
1.3639999628067017
1.809000015258789
1.8980000019073486
0.6850000023841858
0.7300000190734863
2.058000087738037
2.1429998874664307
1.281000018119812
1.559000015258789
1.1710000038146973
1.0609999895095825
0.9380000233650208
0.847000002861023
0.7950000166893005
0.7279999852180481
0.8379999995231628
0.8970000147819519
0.7680000066757202
0.6930000185966492
0.8830000162124634
0.8270000219345093
0.8009999990463257
0.8550000190734863
1.0479999780654907
1.7580000162124634
1.7430000305175781
1.871999979019165
0.9279999732971191
1.0049999952316284
2.3399999141693115
2.1510000228881836
2.197000026702881
1.3819999694824219
1.5670000314712524
1.621000051498413
1.8609999418258667
0.8149999976158142
0.9959999918937683
0.9909999966621399
0.9990000128746033
1.0839999914169312
2.0460000038146973
2.3919999599456787
1.781999945640564
0.8930000066757202
0.9980000257492065
1.1169999837875366
1.1399999856948853
2.1110000610351562
2.312000036239624
1.8240000009536743
1.8550000190734863
1.6959999799728394
1.409000039100647
0.878000020980835
1.218000054359436
1.093999981880188
1.1380000114440918
1.3040000200271606
1.1360000371932983
1.3009999990463257
1.968999981880188
2.003999948501587
2.0950000286102295
2.509999990463257
1.350000023841858
1.2999999523162842
1.4700000286102295
1.3489999771118164
1.496999979019165
1.5720000267028809
1.7599999904632568
1.6749999523162842
1.4259999990463257
2.005000114440918
2.062000036239624
2.259999990463257
1.8380000591278076
1.88100004196167
1.5959999561309814
2.51200008392334
2.635999917984009
2.194999933242798
2.309000015258789
1.5800000429153442
1.6440000534057617
2.0820000171661377
2.197999954223633
1.784000039100647
1.7139999866485596
1.718999981880188
1.7640000581741333
1.996000051498413
1.878000020980835
1.7519999742507935
1.8359999656677246
2.2039999961853027
2.0230000019073486
2.071000099182129
2.434000015258789
2.303999900817871
2.200000047683716
2.5450000762939453
2.765000104904175
2.8980000019073486
2.756999969482422
2.890000104904175
-1.2339999675750732
-1.0679999589920044
-0.8949999809265137
-1.3370000123977661
-0.39100000262260437
-0.531000018119812
-1.531999945640564
-2.936000108718872
-2.309000015258789
-2.5190000534057617
-3.115000009536743
-1.7829999923706055
-1.4800000190734863
-2.0169999599456787
-2.065000057220459
-0.05299999937415123
-0.12099999934434891
-0.3319999873638153
-0.19699999690055847
-0.722000002861023
-2.625
-2.7669999599456787
-0.9190000295639038
-3.816999912261963
-3.7130000591278076
-3.236999988555908
-3.5269999504089355
-2.736999988555908
-2.884999990463257
-4.013999938964844
-4.144000053405762
-2.2669999599456787
-1.7510000467300415
-2.138000011444092
-2.5239999294281006
-2.799999952316284
-3.4179999828338623
-1.715000033378601
0.14800000190734863
-0.007000000216066837
-0.07900000363588333
-0.21400000154972076
-0.34200000762939453
-0.6110000014305115
-0.828000009059906
-1.8209999799728394
-1.1540000438690186
-1.2970000505447388
-1.4509999752044678
-4.84499979019165
-5.104000091552734
-0.04600000008940697
-0.3019999861717224
-0.24899999797344208
-0.3230000138282776
-0.25099998712539673
0.11599999666213989
-0.09099999815225601
-0.09399999678134918
0.07599999755620956
0.15399999916553497
0.0020000000949949026
-0.07599999755620956
-0.050999999046325684
0.10000000149011612
0.1589999943971634
0.0729999989271164
0.1550000011920929
0.18299999833106995
0.004000000189989805
0.17499999701976776
0.05299999937415123
0.1809999942779541
0.10000000149011612
0.20600000023841858
0.23100000619888306
0.2160000056028366
0.0430000014603138
-0.09200000017881393
0.1120000034570694
0.01899999938905239
-0.13500000536441803
-0.3400000035762787
-0.45100000500679016
0.09300000220537186
-0.3190000057220459
-0.4860000014305115
-0.48100000619888306
-0.057999998331069946
-0.3059999942779541
0.09000000357627869
0.07699999958276749
-0.09099999815225601
0.03500000014901161
-0.0430000014603138
0.19599999487400055
0.11299999803304672
0.0
-0.05700000002980232
0.1550000011920929
-1.6640000343322754
0.19699999690055847
0.03799999877810478
-0.04899999871850014
0.1289999932050705
-3.6470000743865967
-3.7200000286102295
0.25200000405311584
-0.5139999985694885
-2.0959999561309814
-1.8359999656677246
-3.2799999713897705
-3.8450000286102295
-3.953000068664551
-0.01899999938905239
-0.3400000035762787
-0.6520000100135803
-2.2230000495910645
-1.1640000343322754
-3.053999900817871
-3.507999897003174
-2.263000011444092
-1.9989999532699585
-1.3530000448226929
-1.2999999523162842
-1.5169999599456787
-2.868000030517578
-2.5789999961853027
-3.561000108718872
-3.875999927520752
0.17800000309944153
0.008999999612569809
-0.2280000001192093
-0.621999979019165
-1.090999960899353
-0.9160000085830688
-3.7929999828338623
-0.47699999809265137
0.22300000488758087
-1.2079999446868896
-1.0789999961853027
-2.890000104904175
-3.242000102996826
-0.28200000524520874
-0.777999997138977
0.21400000154972076
-1.878000020980835
-0.1420000046491623
-0.6330000162124634
-4.704999923706055
-4.784999847412109
-5.335999965667725
-5.061999797821045
-4.36299991607666
-4.426000118255615
-4.61899995803833
-4.690999984741211
-4.560999870300293
-4.4019999504089355
-4.218999862670898
-4.140999794006348
-4.114999771118164
-4.1620001792907715
-4.3379998207092285
-4.031000137329102
-2.328000068664551
-3.497999906539917
-1.5640000104904175
-2.1429998874664307
0.33399999141693115
0.45500001311302185
0.36899998784065247
0.49799999594688416
0.39399999380111694
0.4620000123977661
0.593999981880188
0.6669999957084656
0.28999999165534973
0.3330000042915344
0.2849999964237213
0.43700000643730164
0.492000013589859
0.6029999852180481
0.30399999022483826
0.28299999237060547
0.3790000081062317
0.39500001072883606
0.4970000088214874
0.699999988079071
0.6980000138282776
0.4359999895095825
0.5440000295639038
0.5070000290870667
0.4659999907016754
0.28999999165534973
0.3190000057220459
0.5899999737739563
0.3449999988079071
0.49900001287460327
0.257999986410141
0.5270000100135803
0.28200000524520874
0.46799999475479126
0.3779999911785126
0.5109999775886536
0.5350000262260437
0.3100000023841858
0.4959999918937683
0.3089999854564667
0.3799999952316284
0.6129999756813049
0.4860000014305115
0.492000013589859
0.6050000190734863
0.593999981880188
0.3529999852180481
0.6299999952316284
0.5139999985694885
0.36800000071525574
0.35600000619888306
0.26600000262260437
0.6840000152587891
0.5649999976158142
0.46399998664855957
0.33399999141693115
0.7319999933242798
0.4269999861717224
0.7519999742507935
0.6850000023841858
0.5120000243186951
0.7129999995231628
0.5509999990463257
0.4180000126361847
